timestamp,segment_id,road_type,speed_limit,vehicle_count,congestion_level,average_speed,rainfall_mm,visibility_m,pothole_count,waterlogging,sudden_braking_events,hour_of_day,is_peak_hour,risk_score
2026-01-01 00:00:00,SEG_007,highway,80,114,0.3,53.13,30.861529051466096,61.49,2,1,2,0,0,33.69
2026-01-01 01:00:00,SEG_015,city_road,50,107,0.31,32.4,0.0,3588.94,7,0,2,1,0,29.9
2026-01-01 02:00:00,SEG_011,city_road,50,63,0.15,34.98,30.861529051466096,61.49,3,0,1,2,0,20.42
2026-01-01 03:00:00,SEG_008,highway,80,297,0.66,27.83,0.0,3588.94,2,0,1,3,0,30.88
2026-01-01 04:00:00,SEG_007,highway,80,190,0.5,40.15,0.0,3588.94,1,0,1,4,0,26.24
2026-01-01 05:00:00,SEG_019,expressway,100,208,0.48,52.99,0.0,3588.94,3,0,2,5,0,33.45
2026-01-01 06:00:00,SEG_011,city_road,50,372,0.87,10.0,30.861529051466096,61.49,3,1,2,6,0,65.91
2026-01-01 07:00:00,SEG_011,highway,80,203,0.54,32.81,0.0,3588.94,0,0,1,7,0,17.24
2026-01-01 08:00:00,SEG_004,highway,80,22,0.04,78.17,30.861529051466096,61.49,3,0,3,8,1,22.57
2026-01-01 09:00:00,SEG_008,highway,80,210,0.58,35.82,0.0,3588.94,5,0,2,9,1,35.09
2026-01-01 10:00:00,SEG_003,city_road,50,137,0.3,32.56,0.0,3588.94,4,0,1,10,1,22.6
2026-01-01 11:00:00,SEG_002,highway,80,38,0.07,76.5,0.0,3588.94,4,0,1,11,1,13.62
2026-01-01 12:00:00,SEG_012,highway,80,42,0.16,67.6,0.0,3588.94,5,0,1,12,0,16.54
2026-01-01 13:00:00,SEG_006,expressway,100,49,0.14,82.84,30.861529051466096,61.49,2,1,3,13,0,36.86
2026-01-01 14:00:00,SEG_002,highway,80,314,0.71,24.61,0.0,3588.94,3,0,1,14,0,31.24
2026-01-01 15:00:00,SEG_001,city_road,50,127,0.33,32.05,0.0,3588.94,3,0,5,15,0,29.83
2026-01-01 16:00:00,SEG_012,highway,80,386,1.0,10.0,0.0,3588.94,4,0,1,16,0,50.86
2026-01-01 17:00:00,SEG_012,highway,80,300,0.73,20.4,0.0,3588.94,1,0,3,17,1,34.24
2026-01-01 18:00:00,SEG_017,highway,80,147,0.4,41.55,30.861529051466096,61.49,2,1,5,18,1,55.9
2026-01-01 19:00:00,SEG_010,expressway,100,248,0.58,43.33,0.0,3588.94,3,0,1,19,1,32.21
2026-01-01 20:00:00,SEG_016,expressway,100,130,0.32,69.15,0.0,3588.94,2,0,0,20,1,15.78
2026-01-01 21:00:00,SEG_015,expressway,100,155,0.44,50.59,30.861529051466096,61.49,3,1,3,21,0,49.86
2026-01-01 22:00:00,SEG_015,city_road,50,381,0.96,10.0,30.861529051466096,61.49,5,0,2,22,0,60.27
2026-01-01 23:00:00,SEG_019,city_road,50,205,0.58,24.49,0.0,3588.94,1,0,0,23,0,23.36
2026-01-02 00:00:00,SEG_012,highway,80,163,0.43,41.25,0.0,3588.94,1,0,0,0,0,10.49
2026-01-02 01:00:00,SEG_003,highway,80,91,0.34,49.5,0.0,3588.94,1,0,2,1,0,23.64
2026-01-02 02:00:00,SEG_005,expressway,100,148,0.29,70.29,0.0,3588.94,1,0,1,2,0,17.77
2026-01-02 03:00:00,SEG_019,highway,80,383,0.95,10.0,30.861529051466096,61.49,1,1,2,3,0,64.98
2026-01-02 04:00:00,SEG_007,highway,80,280,0.65,31.2,0.0,3588.94,1,0,2,4,0,35.65
2026-01-02 05:00:00,SEG_009,highway,80,22,0.0,80.74,0.0,3588.94,3,0,2,5,0,14.55
2026-01-02 06:00:00,SEG_007,highway,80,123,0.26,53.73,0.0,3588.94,2,0,3,6,0,25.48
2026-01-02 07:00:00,SEG_018,highway,80,243,0.62,26.29,0.0,3588.94,5,0,2,7,0,40.81
2026-01-02 08:00:00,SEG_004,city_road,50,339,0.86,12.94,0.0,3588.94,5,0,1,8,1,45.37
2026-01-02 09:00:00,SEG_014,city_road,50,381,0.97,10.0,0.0,3588.94,2,0,2,9,1,38.58
2026-01-02 10:00:00,SEG_018,expressway,100,373,0.88,14.69,0.0,3588.94,2,0,2,10,1,35.79
2026-01-02 11:00:00,SEG_009,expressway,100,29,0.06,92.94,0.0,3588.94,4,0,2,11,1,18.65
2026-01-02 12:00:00,SEG_002,city_road,50,321,0.75,10.3,0.0,3588.94,0,0,4,12,0,41.94
2026-01-02 13:00:00,SEG_015,highway,80,250,0.67,29.15,0.0,3588.94,2,0,4,13,0,37.33
2026-01-02 14:00:00,SEG_007,city_road,50,238,0.55,22.88,0.0,3588.94,3,0,0,14,0,21.91
2026-01-02 15:00:00,SEG_012,city_road,50,85,0.2,31.95,0.0,3588.94,3,0,3,15,0,22.79
2026-01-02 16:00:00,SEG_008,highway,80,131,0.36,56.36,0.0,3588.94,3,0,1,16,0,17.24
2026-01-02 17:00:00,SEG_015,city_road,50,32,0.05,54.23,0.0,3588.94,1,0,3,17,1,12.24
2026-01-02 18:00:00,SEG_003,city_road,50,105,0.3,38.69,0.0,3588.94,3,0,3,18,1,24.43
2026-01-02 19:00:00,SEG_014,city_road,50,253,0.71,10.0,0.0,3588.94,1,0,2,19,1,32.18
2026-01-02 20:00:00,SEG_017,city_road,50,109,0.28,32.82,30.861529051466096,61.49,2,1,2,20,1,48.17
2026-01-02 21:00:00,SEG_004,highway,80,333,0.88,10.0,30.861529051466096,61.49,2,0,1,21,0,43.61
2026-01-02 22:00:00,SEG_018,rural,40,73,0.08,44.78,30.861529051466096,61.49,1,1,2,22,0,33.68
2026-01-02 23:00:00,SEG_008,expressway,100,31,0.06,92.22,0.0,3588.94,6,0,0,23,0,10.16
2026-01-03 00:00:00,SEG_004,highway,80,228,0.58,45.27,30.861529051466096,61.49,2,1,1,0,0,52.84
2026-01-03 01:00:00,SEG_002,expressway,100,33,0.03,106.78,0.0,3588.94,7,0,2,1,0,20.51
2026-01-03 02:00:00,SEG_006,city_road,50,140,0.36,27.48,0.0,3588.94,8,0,1,2,0,34.13
2026-01-03 03:00:00,SEG_010,expressway,100,396,1.0,10.0,0.0,3588.94,2,0,2,3,0,37.63
2026-01-03 04:00:00,SEG_004,expressway,100,39,0.0,102.33,30.861529051466096,61.49,2,1,2,4,0,32.54
2026-01-03 05:00:00,SEG_018,city_road,50,94,0.18,32.23,0.0,3588.94,6,0,1,5,0,21.7
2026-01-03 06:00:00,SEG_012,highway,80,262,0.66,25.01,0.0,3588.94,3,0,0,6,0,31.83
2026-01-03 07:00:00,SEG_002,highway,80,242,0.63,26.91,30.861529051466096,61.49,1,1,2,7,0,50.84
2026-01-03 08:00:00,SEG_010,city_road,50,89,0.26,46.26,30.861529051466096,61.49,3,1,3,8,1,49.18
2026-01-03 09:00:00,SEG_004,city_road,50,331,0.83,10.0,0.0,3588.94,0,0,3,9,1,36.47
2026-01-03 10:00:00,SEG_014,highway,80,230,0.6,30.58,0.0,3588.94,6,0,1,10,1,36.28
2026-01-03 11:00:00,SEG_016,highway,80,120,0.35,48.84,0.0,3588.94,2,0,2,11,1,25.02
2026-01-03 12:00:00,SEG_015,expressway,100,205,0.49,55.47,30.861529051466096,61.49,1,1,3,12,0,48.08
2026-01-03 13:00:00,SEG_008,rural,40,151,0.35,23.52,0.0,3588.94,3,0,1,13,0,23.47
2026-01-03 14:00:00,SEG_014,city_road,50,130,0.32,33.75,0.0,3588.94,3,0,2,14,0,24.2
2026-01-03 15:00:00,SEG_008,highway,80,151,0.39,45.6,30.861529051466096,61.49,5,1,1,15,0,48.36
2026-01-03 16:00:00,SEG_016,highway,80,39,0.06,67.61,0.0,3588.94,1,0,4,16,0,14.1
2026-01-03 17:00:00,SEG_013,highway,80,43,0.09,67.82,0.0,3588.94,2,0,2,17,1,6.85
2026-01-03 18:00:00,SEG_018,rural,40,246,0.63,12.29,0.0,3588.94,3,0,5,18,1,42.81
2026-01-03 19:00:00,SEG_015,highway,80,173,0.44,43.48,0.0,3588.94,6,0,2,19,1,32.4
2026-01-03 20:00:00,SEG_013,city_road,50,312,0.77,10.4,0.0,3588.94,2,0,4,20,1,44.87
2026-01-03 21:00:00,SEG_009,highway,80,249,0.54,36.36,0.0,3588.94,3,0,3,21,0,35.51
2026-01-03 22:00:00,SEG_015,city_road,50,329,0.82,10.0,0.0,3588.94,4,0,0,22,0,39.91
2026-01-03 23:00:00,SEG_013,city_road,50,378,0.9,11.75,0.0,3588.94,5,0,3,23,0,53.82
2026-01-04 00:00:00,SEG_001,expressway,100,221,0.6,44.74,0.0,3588.94,1,0,1,0,0,35.47
2026-01-04 01:00:00,SEG_007,highway,80,57,0.13,68.92,30.861529051466096,61.49,4,0,3,1,0,30.81
2026-01-04 02:00:00,SEG_009,highway,80,279,0.65,29.27,30.861529051466096,61.49,4,1,2,2,0,56.88
2026-01-04 03:00:00,SEG_001,highway,80,207,0.51,37.34,0.0,3588.94,1,0,1,3,0,25.33
2026-01-04 04:00:00,SEG_012,rural,40,76,0.25,15.78,0.0,3588.94,6,0,0,4,0,25.57
2026-01-04 05:00:00,SEG_008,expressway,100,39,0.13,87.1,0.0,3588.94,5,0,1,5,0,18.97
2026-01-04 06:00:00,SEG_011,city_road,50,292,0.74,14.53,30.861529051466096,61.49,5,1,1,6,0,55.24
2026-01-04 07:00:00,SEG_019,city_road,50,138,0.28,27.94,0.0,3588.94,6,0,4,7,0,35.47
2026-01-04 08:00:00,SEG_017,city_road,50,90,0.31,37.0,30.861529051466096,61.49,3,1,1,8,1,40.68
2026-01-04 09:00:00,SEG_008,highway,80,23,0.03,76.2,0.0,3588.94,1,0,2,9,1,5.08
2026-01-04 10:00:00,SEG_003,rural,40,240,0.65,15.69,30.861529051466096,61.49,1,0,3,10,1,42.03
2026-01-04 11:00:00,SEG_003,city_road,50,33,0.07,45.25,30.861529051466096,61.49,6,1,3,11,1,41.59
2026-01-04 12:00:00,SEG_001,city_road,50,22,0.1,51.25,30.861529051466096,61.49,2,1,1,12,0,36.28
2026-01-04 13:00:00,SEG_005,city_road,50,235,0.65,18.63,0.0,3588.94,4,0,2,13,0,38.94
2026-01-04 14:00:00,SEG_010,highway,80,248,0.65,33.01,0.0,3588.94,3,0,4,14,0,40.49
2026-01-04 15:00:00,SEG_007,highway,80,355,0.93,11.02,0.0,3588.94,7,0,5,15,0,59.9
2026-01-04 16:00:00,SEG_009,expressway,100,205,0.51,43.4,0.0,3588.94,2,0,1,16,0,24.3
2026-01-04 17:00:00,SEG_007,highway,80,74,0.16,63.5,0.0,3588.94,4,0,2,17,1,16.57
2026-01-04 18:00:00,SEG_009,city_road,50,395,0.99,10.0,0.0,3588.94,0,0,3,18,1,43.42
2026-01-04 19:00:00,SEG_008,highway,80,273,0.67,24.57,0.0,3588.94,1,0,2,19,1,22.92
2026-01-04 20:00:00,SEG_012,city_road,50,43,0.23,37.31,0.0,3588.94,2,0,2,20,1,18.32
2026-01-04 21:00:00,SEG_002,highway,80,181,0.4,54.43,0.0,3588.94,7,0,3,21,0,37.34
2026-01-04 22:00:00,SEG_001,city_road,50,177,0.49,23.95,0.0,3588.94,5,0,2,22,0,35.69
2026-01-04 23:00:00,SEG_016,expressway,100,101,0.28,67.16,30.861529051466096,61.49,3,1,0,23,0,39.41
2026-01-05 00:00:00,SEG_005,highway,80,178,0.46,39.03,0.0,3588.94,7,0,4,0,0,45.03
2026-01-05 01:00:00,SEG_003,city_road,50,207,0.59,31.41,0.0,3588.94,2,0,1,1,0,29.29
2026-01-05 02:00:00,SEG_012,city_road,50,79,0.21,38.61,0.0,3588.94,3,0,0,2,0,16.46
2026-01-05 03:00:00,SEG_008,city_road,50,324,0.78,10.0,30.861529051466096,61.49,1,0,3,3,0,53.88
2026-01-05 04:00:00,SEG_003,rural,40,338,0.86,10.0,0.0,3588.94,3,0,3,4,0,46.36
2026-01-05 05:00:00,SEG_001,expressway,100,385,0.95,10.0,0.0,3588.94,3,0,2,5,0,45.8
2026-01-05 06:00:00,SEG_003,highway,80,230,0.6,31.02,0.0,3588.94,4,0,3,6,0,41.56
2026-01-05 07:00:00,SEG_005,highway,80,171,0.47,47.15,0.0,3588.94,3,0,1,7,0,24.05
2026-01-05 08:00:00,SEG_015,highway,80,128,0.28,61.86,0.0,3588.94,4,0,1,8,1,20.44
2026-01-05 09:00:00,SEG_014,city_road,50,95,0.3,34.97,30.861529051466096,61.49,2,1,2,9,1,44.48
2026-01-05 10:00:00,SEG_003,highway,80,49,0.11,68.93,30.861529051466096,61.49,4,1,3,10,1,43.78
2026-01-05 11:00:00,SEG_001,city_road,50,333,0.85,10.0,0.0,3588.94,6,0,4,11,1,53.95
2026-01-05 12:00:00,SEG_005,city_road,50,136,0.37,22.76,0.0,3588.94,3,0,2,12,0,27.65
2026-01-05 13:00:00,SEG_014,city_road,50,375,0.96,11.91,0.0,3588.94,4,0,4,13,0,48.51
2026-01-05 14:00:00,SEG_007,expressway,100,211,0.52,51.27,0.0,3588.94,1,0,1,14,0,29.3
2026-01-05 15:00:00,SEG_009,highway,80,38,0.07,78.73,0.0,3588.94,6,0,0,15,0,15.91
2026-01-05 16:00:00,SEG_015,highway,80,192,0.47,37.03,0.0,3588.94,4,0,3,16,0,32.25
2026-01-05 17:00:00,SEG_015,expressway,100,247,0.7,36.41,30.861529051466096,61.49,2,1,6,17,1,71.1
2026-01-05 18:00:00,SEG_010,city_road,50,369,0.88,10.0,30.861529051466096,61.49,0,1,3,18,1,62.83
2026-01-05 19:00:00,SEG_013,city_road,50,202,0.47,21.74,0.0,3588.94,2,0,3,19,1,29.84
2026-01-05 20:00:00,SEG_019,city_road,50,132,0.29,35.3,0.0,3588.94,4,0,3,20,1,26.51
2026-01-05 21:00:00,SEG_007,highway,80,202,0.51,38.89,0.0,3588.94,3,0,4,21,0,40.25
2026-01-05 22:00:00,SEG_017,expressway,100,165,0.34,60.61,0.0,3588.94,4,0,2,22,0,25.87
2026-01-05 23:00:00,SEG_004,expressway,100,338,0.78,17.53,0.0,3588.94,4,0,1,23,0,36.62
2026-01-06 00:00:00,SEG_005,city_road,50,135,0.32,29.13,0.0,3588.94,6,0,5,0,0,41.2
2026-01-06 01:00:00,SEG_007,highway,80,132,0.27,53.58,30.861529051466096,61.49,3,1,3,1,0,50.71
2026-01-06 02:00:00,SEG_013,city_road,50,270,0.61,17.56,30.861529051466096,61.49,2,1,3,2,0,61.89
2026-01-06 03:00:00,SEG_015,city_road,50,270,0.61,12.56,0.0,3588.94,5,0,0,3,0,33.25
2026-01-06 04:00:00,SEG_011,highway,80,322,0.76,15.74,0.0,3588.94,5,0,0,4,0,40.04
2026-01-06 05:00:00,SEG_004,rural,40,332,0.87,10.43,0.0,3588.94,4,0,2,5,0,43.67
2026-01-06 06:00:00,SEG_013,highway,80,137,0.39,52.92,0.0,3588.94,2,0,2,6,0,26.73
2026-01-06 07:00:00,SEG_007,rural,40,320,0.9,10.0,0.0,3588.94,1,0,2,7,0,41.73
2026-01-06 08:00:00,SEG_019,city_road,50,180,0.54,27.79,0.0,3588.94,5,0,0,8,1,30.49
2026-01-06 09:00:00,SEG_002,highway,80,217,0.58,23.77,0.0,3588.94,6,0,0,9,1,27.63
2026-01-06 10:00:00,SEG_010,city_road,50,279,0.75,24.65,0.0,3588.94,1,0,2,10,1,33.09
2026-01-06 11:00:00,SEG_013,expressway,100,167,0.42,64.5,30.861529051466096,61.49,6,1,0,11,1,49.28
2026-01-06 12:00:00,SEG_006,expressway,100,259,0.67,30.2,0.0,3588.94,3,0,0,12,0,31.04
2026-01-06 13:00:00,SEG_012,expressway,100,66,0.26,75.91,0.0,3588.94,4,0,5,13,0,39.3
2026-01-06 14:00:00,SEG_012,city_road,50,217,0.56,15.0,0.0,3588.94,3,0,1,14,0,31.18
2026-01-06 15:00:00,SEG_011,city_road,50,66,0.22,39.3,0.0,3588.94,3,0,2,15,0,17.27
2026-01-06 16:00:00,SEG_007,expressway,100,97,0.2,79.08,0.0,3588.94,4,0,1,16,0,16.56
2026-01-06 17:00:00,SEG_001,highway,80,143,0.32,50.23,30.861529051466096,61.49,1,1,0,17,1,40.08
2026-01-06 18:00:00,SEG_001,city_road,50,94,0.25,35.16,30.861529051466096,61.49,5,0,0,18,1,24.89
2026-01-06 19:00:00,SEG_013,highway,80,378,0.95,10.0,0.0,3588.94,2,0,0,19,1,40.31
2026-01-06 20:00:00,SEG_009,rural,40,156,0.36,19.94,0.0,3588.94,4,0,0,20,1,20.95
2026-01-06 21:00:00,SEG_003,rural,40,109,0.39,20.11,0.0,3588.94,5,0,2,21,0,29.15
2026-01-06 22:00:00,SEG_007,highway,80,344,0.87,10.0,0.0,3588.94,3,0,4,22,0,46.92
2026-01-06 23:00:00,SEG_006,expressway,100,80,0.18,86.29,30.861529051466096,61.49,3,1,0,23,0,25.88
2026-01-07 00:00:00,SEG_008,rural,40,157,0.4,19.34,0.0,3588.94,4,0,1,0,0,26.62
2026-01-07 01:00:00,SEG_009,highway,80,69,0.17,60.29,0.0,3588.94,2,0,3,1,0,15.79
2026-01-07 02:00:00,SEG_005,city_road,50,278,0.7,19.21,0.0,3588.94,4,0,1,2,0,31.24
2026-01-07 03:00:00,SEG_001,rural,40,126,0.24,32.25,0.0,3588.94,0,0,2,3,0,15.14
2026-01-07 04:00:00,SEG_019,highway,80,132,0.39,52.82,30.861529051466096,61.49,0,1,1,4,0,42.45
2026-01-07 05:00:00,SEG_010,city_road,50,369,0.99,10.0,0.0,3588.94,4,0,4,5,0,49.56
2026-01-07 06:00:00,SEG_012,highway,80,273,0.76,28.89,30.861529051466096,61.49,2,0,3,6,0,50.33
2026-01-07 07:00:00,SEG_015,rural,40,137,0.36,24.82,0.0,3588.94,2,0,1,7,0,16.89
2026-01-07 08:00:00,SEG_009,rural,40,217,0.58,10.0,30.861529051466096,61.49,1,1,2,8,1,52.96
2026-01-07 09:00:00,SEG_017,rural,40,356,0.85,10.0,0.0,3588.94,2,0,1,9,1,38.49
2026-01-07 10:00:00,SEG_017,city_road,50,384,1.0,10.0,0.0,3588.94,5,0,4,10,1,56.38
2026-01-07 11:00:00,SEG_012,expressway,100,70,0.19,76.21,30.861529051466096,61.49,2,0,0,11,1,18.46
2026-01-07 12:00:00,SEG_007,expressway,100,264,0.64,36.5,0.0,3588.94,3,0,5,12,0,42.21
2026-01-07 13:00:00,SEG_002,city_road,50,54,0.18,45.33,0.0,3588.94,0,0,2,13,0,13.09
2026-01-07 14:00:00,SEG_003,expressway,100,321,0.85,10.82,0.0,3588.94,2,0,3,14,0,43.51
2026-01-07 15:00:00,SEG_017,highway,80,88,0.22,68.77,30.861529051466096,61.49,3,0,3,15,0,27.64
2026-01-07 16:00:00,SEG_005,city_road,50,368,0.94,10.0,0.0,3588.94,4,0,1,16,0,39.83
2026-01-07 17:00:00,SEG_017,highway,80,339,0.8,14.78,30.861529051466096,61.49,6,1,2,17,1,71.74
2026-01-07 18:00:00,SEG_017,highway,80,68,0.23,63.53,0.0,3588.94,4,0,0,18,1,16.66
2026-01-07 19:00:00,SEG_017,highway,80,93,0.19,62.86,0.0,3588.94,3,0,1,19,1,18.26
2026-01-07 20:00:00,SEG_002,city_road,50,211,0.49,16.62,30.861529051466096,61.49,2,0,0,20,1,26.85
2026-01-07 21:00:00,SEG_002,city_road,50,280,0.7,19.64,0.0,3588.94,5,0,4,21,0,44.03
2026-01-07 22:00:00,SEG_005,expressway,100,375,0.99,10.0,30.861529051466096,61.49,3,1,4,22,0,72.33
2026-01-07 23:00:00,SEG_001,highway,80,89,0.28,61.32,30.861529051466096,61.49,3,1,3,23,0,46.97
2026-01-08 00:00:00,SEG_001,city_road,50,109,0.27,30.18,0.0,3588.94,2,0,1,0,0,17.15
2026-01-08 01:00:00,SEG_019,city_road,50,279,0.74,10.0,0.0,3588.94,3,0,4,1,0,42.27
2026-01-08 02:00:00,SEG_002,expressway,100,145,0.28,76.31,0.0,3588.94,6,0,1,2,0,29.49
2026-01-08 03:00:00,SEG_012,city_road,50,250,0.59,22.2,30.861529051466096,61.49,1,1,5,3,0,58.44
2026-01-08 04:00:00,SEG_006,city_road,50,314,0.75,10.31,30.861529051466096,61.49,2,1,0,4,0,53.71
2026-01-08 05:00:00,SEG_004,expressway,100,148,0.43,58.78,0.0,3588.94,2,0,3,5,0,25.4
2026-01-08 06:00:00,SEG_011,city_road,50,299,0.78,10.0,0.0,3588.94,2,0,0,6,0,29.28
2026-01-08 07:00:00,SEG_017,highway,80,332,0.84,13.35,0.0,3588.94,7,0,4,7,0,55.14
2026-01-08 08:00:00,SEG_006,highway,80,119,0.31,55.84,30.861529051466096,61.49,1,1,1,8,1,36.07
2026-01-08 09:00:00,SEG_005,expressway,100,345,0.94,10.0,0.0,3588.94,3,0,2,9,1,45.17
2026-01-08 10:00:00,SEG_002,highway,80,316,0.78,13.42,0.0,3588.94,8,0,2,10,1,49.62
2026-01-08 11:00:00,SEG_006,expressway,100,201,0.44,56.35,0.0,3588.94,1,0,2,11,1,26.68
2026-01-08 12:00:00,SEG_011,city_road,50,193,0.54,22.73,30.861529051466096,61.49,2,1,1,12,0,45.38
2026-01-08 13:00:00,SEG_016,rural,40,335,0.85,10.0,0.0,3588.94,4,0,2,13,0,44.25
2026-01-08 14:00:00,SEG_016,expressway,100,383,1.0,10.0,0.0,3588.94,1,0,3,14,0,45.81
2026-01-08 15:00:00,SEG_001,rural,40,207,0.52,19.26,0.0,3588.94,4,0,1,15,0,23.66
2026-01-08 16:00:00,SEG_009,city_road,50,76,0.15,40.18,0.0,3588.94,4,0,2,16,0,15.86
2026-01-08 17:00:00,SEG_006,expressway,100,50,0.15,79.83,30.861529051466096,61.49,4,0,4,17,1,34.39
2026-01-08 18:00:00,SEG_016,city_road,50,103,0.26,37.22,30.861529051466096,61.49,2,0,2,18,1,22.76
2026-01-08 19:00:00,SEG_003,city_road,50,171,0.44,36.04,0.0,3588.94,5,0,1,19,1,28.18
2026-01-08 20:00:00,SEG_004,city_road,50,55,0.22,37.17,0.0,3588.94,3,0,0,20,1,7.33
2026-01-08 21:00:00,SEG_019,expressway,100,232,0.53,54.49,0.0,3588.94,3,0,2,21,0,30.24
2026-01-08 22:00:00,SEG_003,rural,40,383,0.97,11.77,0.0,3588.94,3,0,2,22,0,39.79
2026-01-08 23:00:00,SEG_019,expressway,100,125,0.27,68.23,30.861529051466096,61.49,2,1,2,23,0,40.35
2026-01-09 00:00:00,SEG_007,city_road,50,361,0.77,11.55,0.0,3588.94,3,0,2,0,0,37.64
2026-01-09 01:00:00,SEG_009,city_road,50,239,0.6,30.52,0.0,3588.94,0,0,0,1,0,21.37
2026-01-09 02:00:00,SEG_001,expressway,100,182,0.46,53.39,0.0,3588.94,1,0,3,2,0,26.34
2026-01-09 03:00:00,SEG_008,highway,80,239,0.63,29.78,0.0,3588.94,1,0,1,3,0,23.34
2026-01-09 04:00:00,SEG_007,highway,80,289,0.71,14.85,0.0,3588.94,3,0,3,4,0,36.2
2026-01-09 05:00:00,SEG_018,city_road,50,139,0.27,33.84,0.0,3588.94,5,0,5,5,0,29.61
2026-01-09 06:00:00,SEG_008,highway,80,355,0.85,14.78,0.0,3588.94,1,0,4,6,0,44.37
2026-01-09 07:00:00,SEG_001,highway,80,201,0.57,46.55,30.861529051466096,61.49,7,0,2,7,0,48.15
2026-01-09 08:00:00,SEG_011,highway,80,125,0.27,57.42,0.0,3588.94,3,0,2,8,1,23.46
2026-01-09 09:00:00,SEG_018,highway,80,236,0.67,18.09,0.0,3588.94,2,0,5,9,1,40.95
2026-01-09 10:00:00,SEG_010,highway,80,224,0.61,24.17,30.861529051466096,61.49,6,0,0,10,1,35.86
2026-01-09 11:00:00,SEG_003,rural,40,89,0.21,31.42,0.0,3588.94,5,0,2,11,1,22.4
2026-01-09 12:00:00,SEG_007,city_road,50,63,0.12,49.89,30.861529051466096,61.49,4,1,4,12,0,46.95
2026-01-09 13:00:00,SEG_016,city_road,50,348,0.92,10.0,0.0,3588.94,3,0,6,13,0,49.71
2026-01-09 14:00:00,SEG_016,city_road,50,320,0.79,12.8,0.0,3588.94,1,0,0,14,0,26.44
2026-01-09 15:00:00,SEG_017,highway,80,247,0.54,43.35,0.0,3588.94,4,0,2,15,0,34.25
2026-01-09 16:00:00,SEG_002,rural,40,203,0.54,14.8,0.0,3588.94,1,0,1,16,0,24.2
2026-01-09 17:00:00,SEG_001,expressway,100,126,0.34,66.1,0.0,3588.94,1,0,1,17,1,20.3
2026-01-09 18:00:00,SEG_016,highway,80,103,0.31,52.6,30.861529051466096,61.49,5,0,3,18,1,42.73
2026-01-09 19:00:00,SEG_012,city_road,50,357,0.91,10.0,0.0,3588.94,2,0,3,19,1,40.34
2026-01-09 20:00:00,SEG_005,expressway,100,269,0.65,29.97,0.0,3588.94,4,0,4,20,1,41.49
2026-01-09 21:00:00,SEG_005,rural,40,382,1.0,10.0,0.0,3588.94,6,0,2,21,0,53.37
2026-01-09 22:00:00,SEG_009,city_road,50,40,0.17,41.36,0.0,3588.94,3,0,4,22,0,25.04
2026-01-09 23:00:00,SEG_009,city_road,50,215,0.55,20.64,0.0,3588.94,1,0,4,23,0,36.3
2026-01-10 00:00:00,SEG_003,highway,80,197,0.5,39.19,0.0,3588.94,3,0,4,0,0,37.69
2026-01-10 01:00:00,SEG_019,rural,40,26,-0.0,42.03,30.861529051466096,61.49,2,1,3,1,0,39.13
2026-01-10 02:00:00,SEG_016,highway,80,89,0.19,70.99,30.861529051466096,61.49,4,0,3,2,0,31.55
2026-01-10 03:00:00,SEG_016,rural,40,146,0.4,30.56,0.0,3588.94,2,0,3,3,0,25.11
2026-01-10 04:00:00,SEG_003,city_road,50,179,0.42,32.81,0.0,3588.94,5,0,1,4,0,33.55
2026-01-10 05:00:00,SEG_001,city_road,50,267,0.59,14.2,30.861529051466096,61.49,3,0,1,5,0,37.83
2026-01-10 06:00:00,SEG_011,city_road,50,222,0.73,11.7,30.861529051466096,61.49,4,1,3,6,0,64.54
2026-01-10 07:00:00,SEG_017,highway,80,167,0.34,51.43,0.0,3588.94,3,0,6,7,0,29.68
2026-01-10 08:00:00,SEG_008,highway,80,162,0.52,35.11,30.861529051466096,61.49,3,0,0,8,1,32.39
2026-01-10 09:00:00,SEG_004,highway,80,218,0.53,39.31,0.0,3588.94,0,0,2,9,1,27.56
2026-01-10 10:00:00,SEG_006,highway,80,173,0.43,37.63,30.861529051466096,61.49,3,1,2,10,1,48.26
2026-01-10 11:00:00,SEG_008,expressway,100,395,0.95,13.47,0.0,3588.94,0,0,0,11,1,32.85
2026-01-10 12:00:00,SEG_003,city_road,50,161,0.44,33.98,0.0,3588.94,3,0,7,12,0,37.15
2026-01-10 13:00:00,SEG_016,highway,80,332,0.76,21.59,30.861529051466096,61.49,5,0,3,13,0,54.73
2026-01-10 14:00:00,SEG_003,rural,40,184,0.37,24.89,0.0,3588.94,2,0,4,14,0,28.17
2026-01-10 15:00:00,SEG_018,expressway,100,333,0.91,15.14,0.0,3588.94,0,0,6,15,0,45.67
2026-01-10 16:00:00,SEG_014,rural,40,40,0.06,41.05,0.0,3588.94,5,0,2,16,0,16.57
2026-01-10 17:00:00,SEG_018,rural,40,101,0.29,33.93,30.861529051466096,61.49,3,1,1,17,1,38.55
2026-01-10 18:00:00,SEG_002,highway,80,88,0.17,66.1,30.861529051466096,61.49,2,1,2,18,1,36.35
2026-01-10 19:00:00,SEG_003,city_road,50,150,0.41,38.45,30.861529051466096,61.49,3,0,0,19,1,25.67
2026-01-10 20:00:00,SEG_016,expressway,100,106,0.35,70.83,0.0,3588.94,2,0,1,20,1,14.62
2026-01-10 21:00:00,SEG_009,city_road,50,237,0.57,24.05,30.861529051466096,61.49,3,1,1,21,0,54.64
2026-01-10 22:00:00,SEG_004,highway,80,324,0.71,29.48,0.0,3588.94,4,0,5,22,0,48.93
2026-01-10 23:00:00,SEG_001,expressway,100,390,1.0,10.0,0.0,3588.94,1,0,2,23,0,43.43
2026-01-11 00:00:00,SEG_004,highway,80,364,0.96,10.0,30.861529051466096,61.49,3,1,2,0,0,72.23
2026-01-11 01:00:00,SEG_001,highway,80,360,0.88,11.21,0.0,3588.94,2,0,4,1,0,48.95
2026-01-11 02:00:00,SEG_014,city_road,50,180,0.44,27.71,0.0,3588.94,2,0,1,2,0,20.03
2026-01-11 03:00:00,SEG_016,city_road,50,197,0.44,27.01,0.0,3588.94,0,0,4,3,0,30.92
2026-01-11 04:00:00,SEG_008,city_road,50,136,0.41,35.58,0.0,3588.94,3,0,0,4,0,23.27
2026-01-11 05:00:00,SEG_007,highway,80,215,0.51,40.04,30.861529051466096,61.49,3,1,5,5,0,58.21
2026-01-11 06:00:00,SEG_003,expressway,100,346,0.79,22.32,0.0,3588.94,2,0,0,6,0,34.36
2026-01-11 07:00:00,SEG_017,highway,80,105,0.27,56.76,30.861529051466096,61.49,1,0,0,7,0,17.76
2026-01-11 08:00:00,SEG_001,highway,80,308,0.73,26.01,0.0,3588.94,3,0,2,8,1,40.54
2026-01-11 09:00:00,SEG_016,expressway,100,100,0.2,83.51,0.0,3588.94,4,0,2,9,1,19.99
2026-01-11 10:00:00,SEG_012,rural,40,171,0.41,27.97,0.0,3588.94,4,0,0,10,1,20.75
2026-01-11 11:00:00,SEG_019,expressway,100,80,0.2,77.51,30.861529051466096,61.49,5,0,2,11,1,29.42
2026-01-11 12:00:00,SEG_014,expressway,100,80,0.13,93.52,0.0,3588.94,5,0,5,12,0,26.63
2026-01-11 13:00:00,SEG_006,city_road,50,373,1.0,10.0,30.861529051466096,61.49,2,1,2,13,0,63.27
2026-01-11 14:00:00,SEG_006,city_road,50,47,0.15,46.71,0.0,3588.94,3,0,4,14,0,15.75
2026-01-11 15:00:00,SEG_013,highway,80,62,0.14,64.75,0.0,3588.94,3,0,1,15,0,10.74
2026-01-11 16:00:00,SEG_019,city_road,50,188,0.42,24.99,0.0,3588.94,2,0,2,16,0,32.59
2026-01-11 17:00:00,SEG_008,city_road,50,105,0.26,35.12,30.861529051466096,61.49,2,1,0,17,1,37.25
2026-01-11 18:00:00,SEG_002,highway,80,196,0.53,34.78,30.861529051466096,61.49,4,1,1,18,1,57.86
2026-01-11 19:00:00,SEG_001,expressway,100,36,0.13,86.64,0.0,3588.94,1,0,1,19,1,8.6
2026-01-11 20:00:00,SEG_015,city_road,50,117,0.35,35.66,0.0,3588.94,6,0,0,20,1,22.85
2026-01-11 21:00:00,SEG_001,highway,80,217,0.52,39.85,0.0,3588.94,1,0,0,21,0,25.35
2026-01-11 22:00:00,SEG_005,highway,80,117,0.15,69.01,30.861529051466096,61.49,4,1,3,22,0,46.09
2026-01-11 23:00:00,SEG_016,city_road,50,84,0.27,35.29,0.0,3588.94,2,0,2,23,0,16.58
2026-01-12 00:00:00,SEG_019,highway,80,349,0.86,10.83,30.861529051466096,61.49,4,0,1,0,0,50.71
2026-01-12 01:00:00,SEG_004,expressway,100,360,0.93,10.98,30.861529051466096,61.49,3,0,4,1,0,62.02
2026-01-12 02:00:00,SEG_003,city_road,50,24,0.14,32.94,0.0,3588.94,5,0,2,2,0,16.62
2026-01-12 03:00:00,SEG_017,city_road,50,21,0.17,41.44,30.861529051466096,61.49,5,1,4,3,0,52.06
2026-01-12 04:00:00,SEG_017,city_road,50,41,0.07,47.94,0.0,3588.94,1,0,1,4,0,3.36
2026-01-12 05:00:00,SEG_012,expressway,100,131,0.33,70.92,0.0,3588.94,4,0,3,5,0,32.14
2026-01-12 06:00:00,SEG_014,city_road,50,76,0.26,31.95,0.0,3588.94,2,0,0,6,0,13.79
2026-01-12 07:00:00,SEG_006,city_road,50,85,0.17,36.19,0.0,3588.94,3,0,2,7,0,19.84
2026-01-12 08:00:00,SEG_003,city_road,50,349,0.84,10.92,30.861529051466096,61.49,1,0,3,8,1,47.46
2026-01-12 09:00:00,SEG_009,highway,80,117,0.26,49.68,0.0,3588.94,4,0,0,9,1,11.76
2026-01-12 10:00:00,SEG_005,expressway,100,163,0.41,65.66,0.0,3588.94,3,0,4,10,1,31.03
2026-01-12 11:00:00,SEG_017,expressway,100,387,0.96,10.0,0.0,3588.94,4,0,3,11,1,53.39
2026-01-12 12:00:00,SEG_014,city_road,50,144,0.33,41.29,0.0,3588.94,4,0,4,12,0,37.53
2026-01-12 13:00:00,SEG_003,expressway,100,186,0.42,52.56,0.0,3588.94,4,0,0,13,0,23.55
2026-01-12 14:00:00,SEG_001,expressway,100,105,0.3,67.82,0.0,3588.94,3,0,0,14,0,14.44
2026-01-12 15:00:00,SEG_001,expressway,100,95,0.3,57.96,0.0,3588.94,1,0,3,15,0,23.11
2026-01-12 16:00:00,SEG_003,expressway,100,363,0.98,10.0,30.861529051466096,61.49,5,0,4,16,0,66.54
2026-01-12 17:00:00,SEG_018,city_road,50,313,0.76,11.08,30.861529051466096,61.49,5,0,1,17,1,47.71
2026-01-12 18:00:00,SEG_010,city_road,50,78,0.24,28.19,0.0,3588.94,4,0,4,18,1,28.61
2026-01-12 19:00:00,SEG_003,city_road,50,157,0.4,28.03,30.861529051466096,61.49,5,1,2,19,1,53.36
2026-01-12 20:00:00,SEG_008,expressway,100,118,0.27,63.06,0.0,3588.94,3,0,1,20,1,18.58
2026-01-12 21:00:00,SEG_014,highway,80,211,0.56,33.91,0.0,3588.94,2,0,2,21,0,30.49
2026-01-12 22:00:00,SEG_018,expressway,100,262,0.62,43.74,0.0,3588.94,5,0,1,22,0,40.18
2026-01-12 23:00:00,SEG_015,expressway,100,338,0.83,16.83,0.0,3588.94,6,0,2,23,0,40.95
2026-01-13 00:00:00,SEG_002,highway,80,68,0.1,80.29,0.0,3588.94,3,0,3,0,0,17.78
2026-01-13 01:00:00,SEG_010,expressway,100,51,0.1,93.93,30.861529051466096,61.49,0,1,1,1,0,26.42
2026-01-13 02:00:00,SEG_002,highway,80,296,0.75,26.74,0.0,3588.94,3,0,2,2,0,41.79
2026-01-13 03:00:00,SEG_017,city_road,50,39,0.18,37.18,30.861529051466096,61.49,1,1,4,3,0,42.59
2026-01-13 04:00:00,SEG_008,expressway,100,173,0.41,55.05,0.0,3588.94,0,0,0,4,0,16.03
2026-01-13 05:00:00,SEG_001,highway,80,87,0.17,68.13,30.861529051466096,61.49,1,1,4,5,0,46.95
2026-01-13 06:00:00,SEG_009,expressway,100,385,1.0,10.0,0.0,3588.94,4,0,2,6,0,45.76
2026-01-13 07:00:00,SEG_011,expressway,100,391,0.95,10.0,0.0,3588.94,2,0,0,7,0,35.67
2026-01-13 08:00:00,SEG_016,city_road,50,233,0.5,23.38,0.0,3588.94,8,0,1,8,1,39.47
2026-01-13 09:00:00,SEG_007,highway,80,162,0.41,53.85,0.0,3588.94,7,0,1,9,1,27.99
2026-01-13 10:00:00,SEG_010,highway,80,395,0.97,10.0,0.0,3588.94,3,0,1,10,1,41.47
2026-01-13 11:00:00,SEG_003,city_road,50,251,0.74,18.48,30.861529051466096,61.49,3,1,3,11,1,58.81
2026-01-13 12:00:00,SEG_018,rural,40,232,0.6,12.23,0.0,3588.94,3,0,1,12,0,34.09
2026-01-13 13:00:00,SEG_013,city_road,50,98,0.24,43.24,30.861529051466096,61.49,0,0,1,13,0,17.37
2026-01-13 14:00:00,SEG_007,highway,80,233,0.54,44.02,0.0,3588.94,3,0,4,14,0,37.95
2026-01-13 15:00:00,SEG_004,city_road,50,135,0.35,32.31,30.861529051466096,61.49,3,0,1,15,0,30.99
2026-01-13 16:00:00,SEG_013,city_road,50,111,0.35,28.8,0.0,3588.94,4,0,2,16,0,23.84
2026-01-13 17:00:00,SEG_001,expressway,100,289,0.74,22.39,0.0,3588.94,1,0,2,17,1,28.19
2026-01-13 18:00:00,SEG_008,highway,80,187,0.43,51.8,30.861529051466096,61.49,3,0,0,18,1,28.11
2026-01-13 19:00:00,SEG_014,expressway,100,77,0.22,91.42,0.0,3588.94,4,0,1,19,1,17.99
2026-01-13 20:00:00,SEG_016,city_road,50,303,0.76,10.0,0.0,3588.94,4,0,3,20,1,43.42
2026-01-13 21:00:00,SEG_014,rural,40,45,0.13,29.51,0.0,3588.94,2,0,3,21,0,17.39
2026-01-13 22:00:00,SEG_012,city_road,50,388,0.95,10.0,0.0,3588.94,5,0,1,22,0,44.75
2026-01-13 23:00:00,SEG_019,city_road,50,85,0.19,36.73,0.0,3588.94,2,0,1,23,0,12.04
2026-01-14 00:00:00,SEG_015,rural,40,267,0.65,19.09,30.861529051466096,61.49,4,1,0,0,0,54.36
2026-01-14 01:00:00,SEG_002,highway,80,273,0.73,23.93,0.0,3588.94,3,0,0,1,0,29.08
2026-01-14 02:00:00,SEG_002,rural,40,63,0.14,34.28,0.0,3588.94,3,0,2,2,0,16.61
2026-01-14 03:00:00,SEG_019,city_road,50,116,0.27,38.71,0.0,3588.94,2,0,8,3,0,26.76
2026-01-14 04:00:00,SEG_017,highway,80,61,0.11,73.1,0.0,3588.94,2,0,2,4,0,14.74
2026-01-14 05:00:00,SEG_010,city_road,50,246,0.64,17.1,0.0,3588.94,1,0,4,5,0,39.73
2026-01-14 06:00:00,SEG_006,expressway,100,281,0.72,19.22,30.861529051466096,61.49,3,0,2,6,0,48.36
2026-01-14 07:00:00,SEG_015,highway,80,186,0.44,45.69,0.0,3588.94,5,0,2,7,0,35.27
2026-01-14 08:00:00,SEG_011,city_road,50,298,0.71,22.37,30.861529051466096,61.49,1,0,3,8,1,42.56
2026-01-14 09:00:00,SEG_005,city_road,50,108,0.36,23.96,0.0,3588.94,2,0,3,9,1,24.85
2026-01-14 10:00:00,SEG_001,city_road,50,398,0.9,10.0,0.0,3588.94,3,0,2,10,1,39.69
2026-01-14 11:00:00,SEG_008,highway,80,197,0.52,40.53,0.0,3588.94,2,0,3,11,1,30.17
2026-01-14 12:00:00,SEG_012,expressway,100,216,0.6,40.19,0.0,3588.94,3,0,1,12,0,29.08
2026-01-14 13:00:00,SEG_012,rural,40,326,0.65,16.06,0.0,3588.94,4,0,6,13,0,43.9
2026-01-14 14:00:00,SEG_005,rural,40,286,0.75,10.0,0.0,3588.94,1,0,2,14,0,32.38
2026-01-14 15:00:00,SEG_007,expressway,100,287,0.71,34.81,30.861529051466096,61.49,1,1,4,15,0,56.47
2026-01-14 16:00:00,SEG_004,highway,80,93,0.25,60.23,0.0,3588.94,3,0,3,16,0,19.72
2026-01-14 17:00:00,SEG_006,expressway,100,27,0.05,98.48,30.861529051466096,61.49,3,1,1,17,1,33.6
2026-01-14 18:00:00,SEG_013,highway,80,316,0.84,14.4,0.0,3588.94,3,0,1,18,1,38.65
2026-01-14 19:00:00,SEG_015,highway,80,183,0.48,42.48,30.861529051466096,61.49,2,1,0,19,1,44.96
2026-01-14 20:00:00,SEG_003,city_road,50,104,0.27,39.63,30.861529051466096,61.49,1,1,0,20,1,33.39
2026-01-14 21:00:00,SEG_008,city_road,50,91,0.18,41.93,0.0,3588.94,3,0,3,21,0,21.33
2026-01-14 22:00:00,SEG_016,expressway,100,74,0.28,66.05,30.861529051466096,61.49,5,1,2,22,0,52.27
2026-01-14 23:00:00,SEG_013,city_road,50,66,0.17,46.94,0.0,3588.94,0,0,4,23,0,17.79
2026-01-15 00:00:00,SEG_018,city_road,50,257,0.76,16.09,30.861529051466096,61.49,8,1,5,0,0,77.42
2026-01-15 01:00:00,SEG_010,highway,80,123,0.4,37.47,0.0,3588.94,4,0,2,1,0,24.43
2026-01-15 02:00:00,SEG_019,rural,40,229,0.48,17.53,0.0,3588.94,1,0,0,2,0,21.19
2026-01-15 03:00:00,SEG_017,city_road,50,61,0.12,49.21,30.861529051466096,61.49,6,1,8,3,0,48.81
2026-01-15 04:00:00,SEG_019,city_road,50,335,0.79,10.0,0.0,3588.94,0,0,8,4,0,40.13
2026-01-15 05:00:00,SEG_005,highway,80,287,0.72,27.12,0.0,3588.94,7,0,4,5,0,52.46
2026-01-15 06:00:00,SEG_009,expressway,100,282,0.71,28.29,30.861529051466096,61.49,1,0,0,6,0,28.85
2026-01-15 07:00:00,SEG_012,city_road,50,355,0.9,11.7,0.0,3588.94,3,0,2,7,0,41.66
2026-01-15 08:00:00,SEG_001,highway,80,384,1.0,10.0,0.0,3588.94,1,0,1,8,1,40.39
2026-01-15 09:00:00,SEG_001,highway,80,278,0.77,14.79,0.0,3588.94,1,0,0,9,1,27.8
2026-01-15 10:00:00,SEG_015,city_road,50,302,0.8,11.54,0.0,3588.94,2,0,1,10,1,32.05
2026-01-15 11:00:00,SEG_002,city_road,50,133,0.3,34.85,30.861529051466096,61.49,8,1,2,11,1,52.44
2026-01-15 12:00:00,SEG_016,highway,80,382,0.92,10.0,0.0,3588.94,2,0,2,12,0,44.65
2026-01-15 13:00:00,SEG_008,rural,40,59,0.15,45.09,0.0,3588.94,6,0,1,13,0,25.74
2026-01-15 14:00:00,SEG_013,highway,80,239,0.62,25.54,0.0,3588.94,3,0,0,14,0,28.12
2026-01-15 15:00:00,SEG_001,city_road,50,148,0.36,20.79,30.861529051466096,61.49,3,1,0,15,0,35.35
2026-01-15 16:00:00,SEG_016,rural,40,27,0.0,47.91,0.0,3588.94,5,0,4,16,0,23.7
2026-01-15 17:00:00,SEG_007,city_road,50,120,0.33,30.58,0.0,3588.94,8,0,1,17,1,28.36
2026-01-15 18:00:00,SEG_005,city_road,50,399,0.98,10.0,30.861529051466096,61.49,3,1,1,18,1,62.73
2026-01-15 19:00:00,SEG_003,city_road,50,195,0.47,24.71,0.0,3588.94,2,0,2,19,1,24.05
2026-01-15 20:00:00,SEG_012,highway,80,126,0.31,52.35,0.0,3588.94,2,0,1,20,1,15.58
2026-01-15 21:00:00,SEG_016,rural,40,120,0.29,24.57,0.0,3588.94,3,0,2,21,0,17.92
2026-01-15 22:00:00,SEG_019,city_road,50,279,0.68,11.02,0.0,3588.94,6,0,1,22,0,38.61
2026-01-15 23:00:00,SEG_005,expressway,100,385,0.9,10.32,0.0,3588.94,3,0,2,23,0,48.98
2026-01-16 00:00:00,SEG_014,highway,80,265,0.66,25.19,0.0,3588.94,4,0,4,0,0,39.8
2026-01-16 01:00:00,SEG_005,highway,80,294,0.77,22.05,30.861529051466096,61.49,4,0,3,1,0,57.06
2026-01-16 02:00:00,SEG_015,highway,80,51,0.14,71.21,0.0,3588.94,3,0,1,2,0,14.52
2026-01-16 03:00:00,SEG_017,city_road,50,156,0.44,23.36,30.861529051466096,61.49,4,0,2,3,0,36.84
2026-01-16 04:00:00,SEG_014,city_road,50,31,0.04,48.54,0.0,3588.94,5,0,2,4,0,16.43
2026-01-16 05:00:00,SEG_005,expressway,100,321,0.74,23.91,30.861529051466096,61.49,6,1,0,5,0,58.2
2026-01-16 06:00:00,SEG_012,city_road,50,394,0.97,10.0,30.861529051466096,61.49,3,0,5,6,0,63.54
2026-01-16 07:00:00,SEG_016,rural,40,35,0.06,41.05,0.0,3588.94,4,0,3,7,0,20.67
2026-01-16 08:00:00,SEG_016,highway,80,148,0.34,52.19,0.0,3588.94,6,0,3,8,1,25.62
2026-01-16 09:00:00,SEG_007,expressway,100,82,0.22,75.96,0.0,3588.94,2,0,4,9,1,31.33
2026-01-16 10:00:00,SEG_004,expressway,100,128,0.29,66.72,30.861529051466096,61.49,8,0,5,10,1,42.43
2026-01-16 11:00:00,SEG_001,expressway,100,394,0.92,10.0,30.861529051466096,61.49,3,1,1,11,1,62.35
2026-01-16 12:00:00,SEG_005,expressway,100,40,0.07,102.94,0.0,3588.94,1,0,2,12,0,2.78
2026-01-16 13:00:00,SEG_010,expressway,100,177,0.46,55.67,0.0,3588.94,4,0,2,13,0,29.3
2026-01-16 14:00:00,SEG_005,city_road,50,288,0.75,10.0,0.0,3588.94,4,0,1,14,0,35.87
2026-01-16 15:00:00,SEG_004,highway,80,181,0.49,42.24,30.861529051466096,61.49,1,0,4,15,0,37.33
2026-01-16 16:00:00,SEG_002,highway,80,279,0.72,27.71,0.0,3588.94,1,0,0,16,0,28.11
2026-01-16 17:00:00,SEG_010,rural,40,121,0.29,29.24,0.0,3588.94,5,0,5,17,1,34.42
2026-01-16 18:00:00,SEG_019,city_road,50,242,0.63,25.37,0.0,3588.94,4,0,0,18,1,31.67
2026-01-16 19:00:00,SEG_001,expressway,100,78,0.19,73.29,0.0,3588.94,3,0,1,19,1,11.94
2026-01-16 20:00:00,SEG_005,city_road,50,266,0.67,10.0,30.861529051466096,61.49,2,1,2,20,1,56.4
2026-01-16 21:00:00,SEG_013,highway,80,147,0.32,55.7,0.0,3588.94,1,0,1,21,0,14.3
2026-01-16 22:00:00,SEG_004,highway,80,302,0.76,20.58,0.0,3588.94,5,0,0,22,0,35.49
2026-01-16 23:00:00,SEG_016,city_road,50,344,0.88,10.0,0.0,3588.94,5,0,0,23,0,41.61
2026-01-17 00:00:00,SEG_016,city_road,50,44,0.13,40.38,0.0,3588.94,2,0,0,0,0,7.04
2026-01-17 01:00:00,SEG_002,highway,80,150,0.31,50.16,0.0,3588.94,4,0,1,1,0,21.53
2026-01-17 02:00:00,SEG_017,city_road,50,372,0.93,10.0,30.861529051466096,61.49,6,1,3,2,0,72.8
2026-01-17 03:00:00,SEG_012,highway,80,215,0.47,37.34,30.861529051466096,61.49,2,0,5,3,0,46.45
2026-01-17 04:00:00,SEG_018,city_road,50,300,0.76,14.98,0.0,3588.94,4,0,1,4,0,39.79
2026-01-17 05:00:00,SEG_003,highway,80,173,0.4,42.91,0.0,3588.94,3,0,0,5,0,20.3
2026-01-17 06:00:00,SEG_001,expressway,100,152,0.47,48.08,30.861529051466096,61.49,4,1,0,6,0,46.44
2026-01-17 07:00:00,SEG_001,city_road,50,246,0.62,10.91,0.0,3588.94,5,0,3,7,0,40.39
2026-01-17 08:00:00,SEG_019,city_road,50,208,0.56,28.34,0.0,3588.94,0,0,3,8,1,31.82
2026-01-17 09:00:00,SEG_011,highway,80,284,0.82,16.57,30.861529051466096,61.49,4,0,3,9,1,55.39
2026-01-17 10:00:00,SEG_005,highway,80,391,0.94,10.0,30.861529051466096,61.49,1,0,1,10,1,48.89
2026-01-17 11:00:00,SEG_012,city_road,50,153,0.4,25.09,30.861529051466096,61.49,1,0,0,11,1,22.69
2026-01-17 12:00:00,SEG_003,city_road,50,230,0.52,26.64,30.861529051466096,61.49,3,0,1,12,0,36.37
2026-01-17 13:00:00,SEG_001,city_road,50,79,0.21,45.91,30.861529051466096,61.49,2,1,6,13,0,52.63
2026-01-17 14:00:00,SEG_001,highway,80,396,1.0,10.0,0.0,3588.94,1,0,2,14,0,40.22
2026-01-17 15:00:00,SEG_008,city_road,50,383,0.93,10.0,0.0,3588.94,2,0,3,15,0,42.58
2026-01-17 16:00:00,SEG_010,expressway,100,383,0.91,10.0,0.0,3588.94,2,0,1,16,0,39.68
2026-01-17 17:00:00,SEG_011,expressway,100,232,0.58,46.35,0.0,3588.94,4,0,2,17,1,30.6
2026-01-17 18:00:00,SEG_012,highway,80,235,0.69,23.32,0.0,3588.94,5,0,0,18,1,28.7
2026-01-17 19:00:00,SEG_013,city_road,50,245,0.65,17.84,0.0,3588.94,3,0,5,19,1,47.27
2026-01-17 20:00:00,SEG_012,highway,80,150,0.33,52.71,0.0,3588.94,3,0,1,20,1,24.6
2026-01-17 21:00:00,SEG_014,highway,80,95,0.31,48.42,0.0,3588.94,1,0,3,21,0,18.31
2026-01-17 22:00:00,SEG_002,rural,40,305,0.68,14.62,0.0,3588.94,0,0,2,22,0,25.5
2026-01-17 23:00:00,SEG_019,highway,80,296,0.85,13.13,0.0,3588.94,3,0,2,23,0,39.79
2026-01-18 00:00:00,SEG_018,city_road,50,175,0.48,23.87,0.0,3588.94,7,0,1,0,0,37.56
2026-01-18 01:00:00,SEG_003,city_road,50,267,0.76,14.36,30.861529051466096,61.49,1,0,2,1,0,41.08
2026-01-18 02:00:00,SEG_017,expressway,100,237,0.51,42.13,0.0,3588.94,8,0,0,2,0,33.13
2026-01-18 03:00:00,SEG_008,city_road,50,209,0.53,22.15,0.0,3588.94,4,0,2,3,0,33.52
2026-01-18 04:00:00,SEG_010,highway,80,182,0.45,44.13,30.861529051466096,61.49,5,0,1,4,0,36.99
2026-01-18 05:00:00,SEG_002,city_road,50,199,0.45,18.83,0.0,3588.94,3,0,0,5,0,26.23
2026-01-18 06:00:00,SEG_019,city_road,50,53,0.07,46.21,0.0,3588.94,4,0,6,6,0,23.29
2026-01-18 07:00:00,SEG_009,highway,80,60,0.18,69.27,0.0,3588.94,4,0,2,7,0,19.99
2026-01-18 08:00:00,SEG_007,city_road,50,326,0.84,10.0,0.0,3588.94,3,0,4,8,1,48.1
2026-01-18 09:00:00,SEG_004,highway,80,357,0.96,10.0,30.861529051466096,61.49,4,1,0,9,1,64.17
2026-01-18 10:00:00,SEG_018,highway,80,333,0.81,18.01,0.0,3588.94,4,0,1,10,1,35.69
2026-01-18 11:00:00,SEG_013,city_road,50,94,0.23,36.56,0.0,3588.94,4,0,1,11,1,14.63
2026-01-18 12:00:00,SEG_011,highway,80,298,0.68,24.11,0.0,3588.94,3,0,2,12,0,31.32
2026-01-18 13:00:00,SEG_004,city_road,50,195,0.56,16.12,0.0,3588.94,7,0,1,13,0,38.78
2026-01-18 14:00:00,SEG_004,city_road,50,169,0.43,28.43,0.0,3588.94,3,0,1,14,0,21.59
2026-01-18 15:00:00,SEG_010,expressway,100,292,0.77,21.33,0.0,3588.94,1,0,1,15,0,33.36
2026-01-18 16:00:00,SEG_005,highway,80,344,0.9,10.5,0.0,3588.94,5,0,2,16,0,47.76
2026-01-18 17:00:00,SEG_009,highway,80,127,0.39,51.62,0.0,3588.94,3,0,3,17,1,25.73
2026-01-18 18:00:00,SEG_003,highway,80,158,0.35,55.96,0.0,3588.94,4,0,3,18,1,26.4
2026-01-18 19:00:00,SEG_017,city_road,50,369,0.96,10.0,0.0,3588.94,3,0,0,19,1,40.0
2026-01-18 20:00:00,SEG_003,expressway,100,290,0.72,17.12,0.0,3588.94,3,0,7,20,1,46.43
2026-01-18 21:00:00,SEG_016,highway,80,366,1.0,10.0,30.861529051466096,61.49,4,1,2,21,0,73.19
2026-01-18 22:00:00,SEG_004,rural,40,308,0.73,12.96,0.0,3588.94,0,0,2,22,0,30.18
2026-01-18 23:00:00,SEG_018,highway,80,231,0.64,25.62,0.0,3588.94,3,0,2,23,0,31.86
2026-01-19 00:00:00,SEG_017,city_road,50,291,0.75,15.27,0.0,3588.94,5,0,2,0,0,42.58
2026-01-19 01:00:00,SEG_007,expressway,100,85,0.23,69.76,0.0,3588.94,3,0,0,1,0,18.31
2026-01-19 02:00:00,SEG_005,expressway,100,267,0.67,38.15,30.861529051466096,61.49,2,0,3,2,0,38.54
2026-01-19 03:00:00,SEG_012,expressway,100,175,0.5,48.33,0.0,3588.94,2,0,0,3,0,19.1
2026-01-19 04:00:00,SEG_017,expressway,100,66,0.18,77.86,30.861529051466096,61.49,4,1,1,4,0,41.79
2026-01-19 05:00:00,SEG_013,city_road,50,220,0.47,23.39,0.0,3588.94,5,0,4,5,0,39.1
2026-01-19 06:00:00,SEG_003,expressway,100,167,0.48,50.84,30.861529051466096,61.49,6,0,2,6,0,44.33
2026-01-19 07:00:00,SEG_009,highway,80,143,0.41,47.14,0.0,3588.94,4,0,3,7,0,30.06
2026-01-19 08:00:00,SEG_017,expressway,100,20,0.08,92.24,30.861529051466096,61.49,3,1,3,8,1,35.68
2026-01-19 09:00:00,SEG_017,city_road,50,266,0.61,17.35,0.0,3588.94,7,0,3,9,1,49.36
2026-01-19 10:00:00,SEG_016,expressway,100,362,0.86,15.0,0.0,3588.94,2,0,1,10,1,40.35
2026-01-19 11:00:00,SEG_013,city_road,50,147,0.27,36.54,0.0,3588.94,2,0,1,11,1,16.38
2026-01-19 12:00:00,SEG_019,city_road,50,210,0.55,19.26,0.0,3588.94,3,0,2,12,0,28.73
2026-01-19 13:00:00,SEG_017,city_road,50,86,0.15,38.51,30.861529051466096,61.49,2,1,1,13,0,33.49
2026-01-19 14:00:00,SEG_004,expressway,100,23,0.0,103.04,0.0,3588.94,3,0,2,14,0,12.69
2026-01-19 15:00:00,SEG_012,highway,80,322,0.87,13.02,0.0,3588.94,2,0,4,15,0,45.7
2026-01-19 16:00:00,SEG_009,highway,80,313,0.82,14.69,0.0,3588.94,2,0,5,16,0,47.66
2026-01-19 17:00:00,SEG_019,highway,80,162,0.39,53.42,0.0,3588.94,3,0,1,17,1,27.48
2026-01-19 18:00:00,SEG_012,highway,80,210,0.52,28.59,0.0,3588.94,6,0,3,18,1,41.97
2026-01-19 19:00:00,SEG_009,expressway,100,40,0.0,97.18,0.0,3588.94,2,0,1,19,1,3.49
2026-01-19 20:00:00,SEG_007,highway,80,246,0.66,21.42,0.0,3588.94,7,0,2,20,1,43.33
2026-01-19 21:00:00,SEG_014,rural,40,332,0.8,19.28,30.861529051466096,61.49,3,1,4,21,0,67.15
2026-01-19 22:00:00,SEG_019,city_road,50,136,0.36,35.57,0.0,3588.94,4,0,2,22,0,27.49
2026-01-19 23:00:00,SEG_015,highway,80,321,0.68,25.2,0.0,3588.94,1,0,1,23,0,28.61
2026-01-20 00:00:00,SEG_016,expressway,100,161,0.45,58.92,30.861529051466096,61.49,0,1,3,0,0,56.37
2026-01-20 01:00:00,SEG_005,city_road,50,58,0.11,50.08,0.0,3588.94,3,0,3,1,0,20.14
2026-01-20 02:00:00,SEG_003,city_road,50,374,0.87,12.03,0.0,3588.94,4,0,3,2,0,47.05
2026-01-20 03:00:00,SEG_012,city_road,50,271,0.66,21.61,0.0,3588.94,2,0,4,3,0,44.63
2026-01-20 04:00:00,SEG_004,expressway,100,352,0.85,13.69,0.0,3588.94,3,0,2,4,0,42.37
2026-01-20 05:00:00,SEG_016,highway,80,226,0.62,27.89,0.0,3588.94,6,0,3,5,0,38.14
2026-01-20 06:00:00,SEG_007,rural,40,229,0.55,13.19,30.861529051466096,61.49,3,1,1,6,0,50.59
2026-01-20 07:00:00,SEG_013,rural,40,134,0.4,26.51,0.0,3588.94,2,0,1,7,0,22.84
2026-01-20 08:00:00,SEG_010,city_road,50,244,0.63,17.71,0.0,3588.94,1,0,1,8,1,28.5
2026-01-20 09:00:00,SEG_007,highway,80,153,0.43,43.51,30.861529051466096,61.49,3,1,1,9,1,49.78
2026-01-20 10:00:00,SEG_014,city_road,50,270,0.67,14.15,30.861529051466096,61.49,4,1,3,10,1,63.63
2026-01-20 11:00:00,SEG_005,highway,80,238,0.66,34.45,0.0,3588.94,3,0,4,11,1,41.35
2026-01-20 12:00:00,SEG_003,highway,80,110,0.22,67.16,0.0,3588.94,2,0,2,12,0,13.49
2026-01-20 13:00:00,SEG_011,highway,80,373,0.94,13.95,0.0,3588.94,3,0,2,13,0,49.49
2026-01-20 14:00:00,SEG_011,city_road,50,395,0.97,10.0,30.861529051466096,61.49,0,1,4,14,0,67.75
2026-01-20 15:00:00,SEG_018,expressway,100,65,0.23,77.28,30.861529051466096,61.49,2,1,2,15,0,37.83
2026-01-20 16:00:00,SEG_015,expressway,100,57,0.22,77.87,0.0,3588.94,6,0,2,16,0,33.58
2026-01-20 17:00:00,SEG_012,expressway,100,161,0.4,54.9,0.0,3588.94,2,0,2,17,1,29.04
2026-01-20 18:00:00,SEG_009,city_road,50,119,0.23,32.19,0.0,3588.94,3,0,1,18,1,15.71
2026-01-20 19:00:00,SEG_010,city_road,50,347,0.89,10.0,30.861529051466096,61.49,5,0,5,19,1,58.22
2026-01-20 20:00:00,SEG_012,city_road,50,209,0.44,23.33,0.0,3588.94,3,0,5,20,1,34.24
2026-01-20 21:00:00,SEG_017,rural,40,54,0.22,32.26,0.0,3588.94,3,0,0,21,0,18.44
2026-01-20 22:00:00,SEG_006,highway,80,166,0.39,54.38,30.861529051466096,61.49,2,1,0,22,0,40.9
2026-01-20 23:00:00,SEG_007,expressway,100,49,0.12,84.67,0.0,3588.94,3,0,2,23,0,12.15
2026-01-21 00:00:00,SEG_014,city_road,50,353,0.85,17.55,0.0,3588.94,0,0,1,0,0,35.1
2026-01-21 01:00:00,SEG_013,city_road,50,103,0.21,34.55,0.0,3588.94,2,0,2,1,0,16.72
2026-01-21 02:00:00,SEG_008,expressway,100,388,1.0,10.0,0.0,3588.94,1,0,1,2,0,38.05
2026-01-21 03:00:00,SEG_010,city_road,50,300,0.74,15.12,0.0,3588.94,1,0,3,3,0,35.18
2026-01-21 04:00:00,SEG_009,expressway,100,363,0.91,14.97,0.0,3588.94,3,0,2,4,0,47.77
2026-01-21 05:00:00,SEG_018,rural,40,289,0.67,10.0,0.0,3588.94,7,0,0,5,0,39.09
2026-01-21 06:00:00,SEG_002,city_road,50,173,0.48,37.54,30.861529051466096,61.49,3,1,2,6,0,47.06
2026-01-21 07:00:00,SEG_005,highway,80,121,0.35,51.11,0.0,3588.94,2,0,2,7,0,23.35
2026-01-21 08:00:00,SEG_005,city_road,50,234,0.57,24.88,0.0,3588.94,2,0,0,8,1,24.27
2026-01-21 09:00:00,SEG_006,rural,40,169,0.49,27.62,0.0,3588.94,3,0,0,9,1,21.89
2026-01-21 10:00:00,SEG_019,highway,80,102,0.25,56.98,30.861529051466096,61.49,6,1,0,10,1,42.36
2026-01-21 11:00:00,SEG_008,city_road,50,129,0.36,36.13,30.861529051466096,61.49,3,0,5,11,1,38.72
2026-01-21 12:00:00,SEG_016,city_road,50,294,0.65,13.64,0.0,3588.94,2,0,3,12,0,33.76
2026-01-21 13:00:00,SEG_013,expressway,100,220,0.57,49.98,0.0,3588.94,3,0,2,13,0,32.82
2026-01-21 14:00:00,SEG_001,highway,80,303,0.74,17.0,0.0,3588.94,6,0,2,14,0,43.07
2026-01-21 15:00:00,SEG_017,expressway,100,192,0.49,51.19,0.0,3588.94,1,0,1,15,0,23.79
2026-01-21 16:00:00,SEG_007,rural,40,346,0.87,10.0,0.0,3588.94,2,0,3,16,0,41.1
2026-01-21 17:00:00,SEG_013,highway,80,225,0.57,38.32,30.861529051466096,61.49,5,1,1,17,1,57.79
2026-01-21 18:00:00,SEG_004,highway,80,82,0.24,70.64,30.861529051466096,61.49,4,1,2,18,1,49.06
2026-01-21 19:00:00,SEG_004,rural,40,92,0.2,29.74,0.0,3588.94,2,0,0,19,1,10.98
2026-01-21 20:00:00,SEG_006,highway,80,270,0.7,29.69,30.861529051466096,61.49,2,1,2,20,1,58.78
2026-01-21 21:00:00,SEG_019,expressway,100,143,0.42,67.85,30.861529051466096,61.49,3,0,4,21,0,42.09
2026-01-21 22:00:00,SEG_012,city_road,50,394,0.91,10.0,0.0,3588.94,3,0,3,22,0,45.34
2026-01-21 23:00:00,SEG_007,highway,80,140,0.31,52.45,0.0,3588.94,3,0,1,23,0,21.54
2026-01-22 00:00:00,SEG_010,expressway,100,294,0.7,21.35,30.861529051466096,61.49,6,1,1,0,0,55.41
2026-01-22 01:00:00,SEG_019,city_road,50,139,0.29,44.92,0.0,3588.94,0,0,1,1,0,5.15
2026-01-22 02:00:00,SEG_007,city_road,50,336,0.82,10.0,30.861529051466096,61.49,4,1,1,2,0,61.43
2026-01-22 03:00:00,SEG_003,city_road,50,183,0.51,19.49,30.861529051466096,61.49,1,0,1,3,0,32.47
2026-01-22 04:00:00,SEG_013,city_road,50,305,0.83,10.0,0.0,3588.94,4,0,2,4,0,42.79
2026-01-22 05:00:00,SEG_013,highway,80,284,0.72,17.38,30.861529051466096,61.49,1,0,1,5,0,40.15
2026-01-22 06:00:00,SEG_018,city_road,50,339,0.83,13.1,30.861529051466096,61.49,1,1,2,6,0,56.16
2026-01-22 07:00:00,SEG_008,rural,40,180,0.49,25.69,0.0,3588.94,3,0,2,7,0,31.8
2026-01-22 08:00:00,SEG_009,highway,80,395,0.87,13.66,0.0,3588.94,2,0,2,8,1,45.34
2026-01-22 09:00:00,SEG_007,city_road,50,327,0.76,12.66,0.0,3588.94,0,0,1,9,1,27.51
2026-01-22 10:00:00,SEG_001,city_road,50,108,0.15,36.27,0.0,3588.94,2,0,2,10,1,17.56
2026-01-22 11:00:00,SEG_003,expressway,100,161,0.35,61.35,0.0,3588.94,3,0,0,11,1,18.32
2026-01-22 12:00:00,SEG_013,highway,80,222,0.52,32.87,0.0,3588.94,3,0,0,12,0,25.53
2026-01-22 13:00:00,SEG_017,rural,40,328,0.89,10.0,0.0,3588.94,2,0,2,13,0,46.03
2026-01-22 14:00:00,SEG_001,city_road,50,246,0.48,20.68,0.0,3588.94,10,0,1,14,0,35.78
2026-01-22 15:00:00,SEG_006,highway,80,353,0.86,10.0,30.861529051466096,61.49,4,0,1,15,0,51.11
2026-01-22 16:00:00,SEG_006,highway,80,241,0.63,28.68,30.861529051466096,61.49,2,1,7,16,0,59.98
2026-01-22 17:00:00,SEG_012,highway,80,60,0.17,58.05,30.861529051466096,61.49,2,1,0,17,1,34.87
2026-01-22 18:00:00,SEG_013,city_road,50,215,0.61,19.73,0.0,3588.94,3,0,0,18,1,32.18
2026-01-22 19:00:00,SEG_013,city_road,50,87,0.23,37.96,30.861529051466096,61.49,3,1,3,19,1,42.99
2026-01-22 20:00:00,SEG_015,expressway,100,283,0.73,32.92,30.861529051466096,61.49,3,0,1,20,1,41.3
2026-01-22 21:00:00,SEG_016,city_road,50,21,0.0,45.9,0.0,3588.94,0,0,1,21,0,5.06
2026-01-22 22:00:00,SEG_011,highway,80,380,0.9,10.0,0.0,3588.94,0,0,0,22,0,32.84
2026-01-22 23:00:00,SEG_005,city_road,50,144,0.27,34.63,0.0,3588.94,4,0,7,23,0,28.37
2026-01-23 00:00:00,SEG_004,expressway,100,129,0.35,59.51,30.861529051466096,61.49,2,1,3,0,0,48.46
2026-01-23 01:00:00,SEG_003,highway,80,105,0.28,57.8,0.0,3588.94,4,0,2,1,0,22.8
2026-01-23 02:00:00,SEG_019,highway,80,139,0.36,41.9,0.0,3588.94,2,0,2,2,0,19.69
2026-01-23 03:00:00,SEG_018,highway,80,146,0.32,51.37,0.0,3588.94,1,0,1,3,0,20.27
2026-01-23 04:00:00,SEG_015,expressway,100,274,0.64,31.36,0.0,3588.94,2,0,3,4,0,35.42
2026-01-23 05:00:00,SEG_009,city_road,50,202,0.52,26.84,0.0,3588.94,2,0,1,5,0,28.15
2026-01-23 06:00:00,SEG_017,city_road,50,35,0.05,43.45,0.0,3588.94,4,0,2,6,0,12.23
2026-01-23 07:00:00,SEG_014,expressway,100,81,0.15,76.32,0.0,3588.94,2,0,1,7,0,14.02
2026-01-23 08:00:00,SEG_015,expressway,100,388,0.94,10.0,30.861529051466096,61.49,3,0,1,8,1,52.8
2026-01-23 09:00:00,SEG_001,city_road,50,177,0.41,31.1,0.0,3588.94,0,0,0,9,1,13.62
2026-01-23 10:00:00,SEG_003,expressway,100,287,0.67,31.64,0.0,3588.94,2,0,3,10,1,34.96
2026-01-23 11:00:00,SEG_016,highway,80,54,0.07,71.34,0.0,3588.94,1,0,3,11,1,9.54
2026-01-23 12:00:00,SEG_011,highway,80,286,0.74,17.44,0.0,3588.94,5,0,2,12,0,39.3
2026-01-23 13:00:00,SEG_012,highway,80,83,0.29,57.36,0.0,3588.94,4,0,2,13,0,22.79
2026-01-23 14:00:00,SEG_010,highway,80,69,0.17,61.95,0.0,3588.94,6,0,1,14,0,18.02
2026-01-23 15:00:00,SEG_016,city_road,50,274,0.7,13.36,30.861529051466096,61.49,3,0,3,15,0,44.91
2026-01-23 16:00:00,SEG_008,rural,40,168,0.45,25.75,30.861529051466096,61.49,11,0,1,16,0,41.94
2026-01-23 17:00:00,SEG_006,highway,80,344,0.88,10.0,30.861529051466096,61.49,1,1,1,17,1,59.35
2026-01-23 18:00:00,SEG_012,highway,80,323,0.77,18.18,0.0,3588.94,1,0,3,18,1,41.22
2026-01-23 19:00:00,SEG_008,city_road,50,295,0.82,10.0,0.0,3588.94,2,0,3,19,1,39.41
2026-01-23 20:00:00,SEG_004,rural,40,376,0.9,10.0,30.861529051466096,61.49,4,0,2,20,1,53.28
2026-01-23 21:00:00,SEG_008,city_road,50,191,0.51,19.61,0.0,3588.94,2,0,2,21,0,26.6
2026-01-23 22:00:00,SEG_018,city_road,50,220,0.58,26.1,0.0,3588.94,2,0,3,22,0,31.83
2026-01-23 23:00:00,SEG_005,highway,80,343,0.76,11.82,0.0,3588.94,2,0,1,23,0,32.65
2026-01-24 00:00:00,SEG_009,highway,80,54,0.12,72.61,0.0,3588.94,3,0,1,0,0,12.61
2026-01-24 01:00:00,SEG_004,rural,40,235,0.59,22.51,0.0,3588.94,1,0,1,1,0,26.4
2026-01-24 02:00:00,SEG_017,rural,40,84,0.22,26.05,30.861529051466096,61.49,0,0,3,2,0,23.42
2026-01-24 03:00:00,SEG_009,highway,80,27,0.08,69.29,0.0,3588.94,1,0,4,3,0,20.48
2026-01-24 04:00:00,SEG_001,rural,40,320,0.84,10.0,0.0,3588.94,3,0,5,4,0,45.29
2026-01-24 05:00:00,SEG_013,city_road,50,362,0.9,10.0,30.861529051466096,61.49,7,1,2,5,0,77.38
2026-01-24 06:00:00,SEG_016,expressway,100,351,0.9,12.59,30.861529051466096,61.49,4,0,2,6,0,52.11
2026-01-24 07:00:00,SEG_013,city_road,50,95,0.24,35.16,0.0,3588.94,6,0,1,7,0,22.83
2026-01-24 08:00:00,SEG_014,city_road,50,193,0.43,22.9,0.0,3588.94,5,0,2,8,1,31.02
2026-01-24 09:00:00,SEG_003,city_road,50,66,0.17,31.41,30.861529051466096,61.49,2,1,5,9,1,49.78
2026-01-24 10:00:00,SEG_006,city_road,50,34,0.12,52.01,30.861529051466096,61.49,3,0,3,10,1,24.27
2026-01-24 11:00:00,SEG_018,highway,80,380,1.0,10.0,0.0,3588.94,5,0,2,11,1,49.03
2026-01-24 12:00:00,SEG_019,highway,80,166,0.44,47.6,30.861529051466096,61.49,5,0,1,12,0,37.62
2026-01-24 13:00:00,SEG_005,city_road,50,45,0.18,36.95,0.0,3588.94,3,0,5,13,0,22.21
2026-01-24 14:00:00,SEG_015,expressway,100,327,0.84,19.74,0.0,3588.94,4,0,2,14,0,43.3
2026-01-24 15:00:00,SEG_002,highway,80,112,0.32,59.14,0.0,3588.94,3,0,2,15,0,20.81
2026-01-24 16:00:00,SEG_010,city_road,50,251,0.67,15.23,0.0,3588.94,0,0,1,16,0,23.43
2026-01-24 17:00:00,SEG_018,rural,40,40,0.09,36.61,30.861529051466096,61.49,7,1,1,17,1,37.95
2026-01-24 18:00:00,SEG_013,highway,80,326,0.85,18.16,0.0,3588.94,2,0,0,18,1,36.07
2026-01-24 19:00:00,SEG_005,city_road,50,57,0.1,36.8,0.0,3588.94,5,0,3,19,1,22.98
2026-01-24 20:00:00,SEG_001,city_road,50,295,0.75,17.49,0.0,3588.94,1,0,3,20,1,35.23
2026-01-24 21:00:00,SEG_001,expressway,100,176,0.47,51.45,0.0,3588.94,1,0,1,21,0,20.96
2026-01-24 22:00:00,SEG_018,highway,80,198,0.55,30.44,0.0,3588.94,1,0,2,22,0,23.97
2026-01-24 23:00:00,SEG_015,city_road,50,151,0.42,23.85,0.0,3588.94,3,0,4,23,0,31.09
2026-01-25 00:00:00,SEG_017,expressway,100,330,0.88,10.0,0.0,3588.94,3,0,2,0,0,42.2
2026-01-25 01:00:00,SEG_011,rural,40,367,0.91,10.0,30.861529051466096,61.49,1,0,1,1,0,44.76
2026-01-25 02:00:00,SEG_017,city_road,50,47,0.1,53.86,0.0,3588.94,3,0,3,2,0,19.68
2026-01-25 03:00:00,SEG_013,city_road,50,279,0.68,18.46,0.0,3588.94,3,0,6,3,0,39.38
2026-01-25 04:00:00,SEG_001,city_road,50,95,0.25,42.82,30.861529051466096,61.49,7,1,2,4,0,52.65
2026-01-25 05:00:00,SEG_002,expressway,100,86,0.12,90.81,0.0,3588.94,4,0,0,5,0,7.02
2026-01-25 06:00:00,SEG_009,city_road,50,361,0.97,10.0,0.0,3588.94,3,0,3,6,0,50.24
2026-01-25 07:00:00,SEG_003,highway,80,213,0.53,37.97,30.861529051466096,61.49,3,1,1,7,0,49.63
2026-01-25 08:00:00,SEG_001,rural,40,181,0.43,20.81,0.0,3588.94,1,0,1,8,1,23.32
2026-01-25 09:00:00,SEG_016,city_road,50,366,0.79,10.0,0.0,3588.94,5,0,1,9,1,38.63
2026-01-25 10:00:00,SEG_006,city_road,50,380,0.95,10.0,0.0,3588.94,2,0,5,10,1,54.59
2026-01-25 11:00:00,SEG_017,highway,80,276,0.68,31.01,0.0,3588.94,2,0,0,11,1,24.3
2026-01-25 12:00:00,SEG_005,city_road,50,91,0.18,31.93,30.861529051466096,61.49,2,1,3,12,0,42.33
2026-01-25 13:00:00,SEG_005,city_road,50,106,0.23,33.21,0.0,3588.94,5,0,1,13,0,14.94
2026-01-25 14:00:00,SEG_006,city_road,50,281,0.7,25.06,30.861529051466096,61.49,2,1,0,14,0,53.86
2026-01-25 15:00:00,SEG_003,highway,80,233,0.55,36.68,30.861529051466096,61.49,1,0,2,15,0,40.15
2026-01-25 16:00:00,SEG_005,city_road,50,172,0.46,27.89,0.0,3588.94,7,0,0,16,0,28.01
2026-01-25 17:00:00,SEG_005,rural,40,229,0.54,21.59,0.0,3588.94,6,0,3,17,1,40.27
2026-01-25 18:00:00,SEG_010,highway,80,80,0.21,55.5,0.0,3588.94,2,0,1,18,1,15.68
2026-01-25 19:00:00,SEG_010,rural,40,287,0.78,10.0,0.0,3588.94,2,0,1,19,1,29.65
2026-01-25 20:00:00,SEG_019,city_road,50,281,0.7,12.78,0.0,3588.94,3,0,1,20,1,31.25
2026-01-25 21:00:00,SEG_017,expressway,100,237,0.61,34.48,30.861529051466096,61.49,4,0,4,21,0,46.63
2026-01-25 22:00:00,SEG_014,expressway,100,302,0.77,22.63,30.861529051466096,61.49,2,1,1,22,0,63.89
2026-01-25 23:00:00,SEG_009,city_road,50,155,0.39,32.93,0.0,3588.94,2,0,2,23,0,26.79
2026-01-26 00:00:00,SEG_014,expressway,100,399,0.99,10.0,0.0,3588.94,2,0,1,0,0,41.0
2026-01-26 01:00:00,SEG_001,expressway,100,381,0.92,12.06,30.861529051466096,61.49,4,0,2,1,0,56.25
2026-01-26 02:00:00,SEG_019,city_road,50,112,0.29,30.53,0.0,3588.94,5,0,0,2,0,20.78
2026-01-26 03:00:00,SEG_013,city_road,50,128,0.31,32.63,30.861529051466096,61.49,3,0,2,3,0,32.34
2026-01-26 04:00:00,SEG_013,city_road,50,260,0.73,10.27,0.0,3588.94,3,0,2,4,0,34.39
2026-01-26 05:00:00,SEG_004,expressway,100,374,0.98,10.0,0.0,3588.94,2,0,2,5,0,48.42
2026-01-26 06:00:00,SEG_001,expressway,100,161,0.33,60.78,30.861529051466096,61.49,5,1,1,6,0,44.96
2026-01-26 07:00:00,SEG_017,expressway,100,310,0.71,37.32,0.0,3588.94,2,0,2,7,0,32.7
2026-01-26 08:00:00,SEG_008,city_road,50,256,0.63,18.55,30.861529051466096,61.49,3,0,0,8,1,37.54
2026-01-26 09:00:00,SEG_002,expressway,100,359,0.88,10.88,30.861529051466096,61.49,3,1,4,9,1,72.55
2026-01-26 10:00:00,SEG_008,highway,80,331,0.82,16.82,0.0,3588.94,2,0,2,10,1,38.77
2026-01-26 11:00:00,SEG_007,city_road,50,196,0.52,26.67,0.0,3588.94,1,0,5,11,1,37.72
2026-01-26 12:00:00,SEG_002,highway,80,160,0.42,51.99,30.861529051466096,61.49,1,1,2,12,0,41.93
2026-01-26 13:00:00,SEG_003,city_road,50,208,0.54,19.28,30.861529051466096,61.49,4,1,3,13,0,64.15
2026-01-26 14:00:00,SEG_018,city_road,50,68,0.24,40.01,0.0,3588.94,1,0,2,14,0,14.9
2026-01-26 15:00:00,SEG_012,city_road,50,321,0.73,10.0,30.861529051466096,61.49,3,0,3,15,0,48.0
2026-01-26 16:00:00,SEG_001,city_road,50,388,0.98,10.0,0.0,3588.94,2,0,1,16,0,46.88
2026-01-26 17:00:00,SEG_012,city_road,50,209,0.49,25.78,0.0,3588.94,1,0,1,17,1,20.02
2026-01-26 18:00:00,SEG_005,city_road,50,155,0.46,27.77,30.861529051466096,61.49,6,0,2,18,1,44.88
2026-01-26 19:00:00,SEG_017,highway,80,62,0.04,77.35,0.0,3588.94,2,0,1,19,1,7.76
2026-01-26 20:00:00,SEG_016,city_road,50,399,0.89,10.0,30.861529051466096,61.49,4,0,2,20,1,50.34
2026-01-26 21:00:00,SEG_015,highway,80,372,0.95,10.0,0.0,3588.94,4,0,3,21,0,49.1
2026-01-26 22:00:00,SEG_015,highway,80,109,0.33,54.51,0.0,3588.94,7,0,2,22,0,33.25
2026-01-26 23:00:00,SEG_005,city_road,50,314,0.82,10.0,0.0,3588.94,2,0,2,23,0,41.74
2026-01-27 00:00:00,SEG_014,city_road,50,360,0.86,21.6,0.0,3588.94,8,0,1,0,0,48.78
2026-01-27 01:00:00,SEG_002,city_road,50,264,0.74,10.0,0.0,3588.94,3,0,2,1,0,33.11
2026-01-27 02:00:00,SEG_011,city_road,50,211,0.47,23.0,0.0,3588.94,4,0,1,2,0,29.36
2026-01-27 03:00:00,SEG_019,city_road,50,337,0.91,10.0,0.0,3588.94,4,0,2,3,0,45.42
2026-01-27 04:00:00,SEG_007,expressway,100,125,0.26,71.85,0.0,3588.94,5,0,2,4,0,21.79
2026-01-27 05:00:00,SEG_006,city_road,50,382,0.94,10.0,0.0,3588.94,1,0,1,5,0,38.94
2026-01-27 06:00:00,SEG_002,city_road,50,329,0.85,10.0,30.861529051466096,61.49,3,1,3,6,0,70.87
2026-01-27 07:00:00,SEG_006,highway,80,252,0.56,33.18,0.0,3588.94,2,0,0,7,0,23.62
2026-01-27 08:00:00,SEG_018,city_road,50,284,0.78,10.0,0.0,3588.94,1,0,2,8,1,38.07
2026-01-27 09:00:00,SEG_002,city_road,50,363,0.89,10.0,0.0,3588.94,2,0,3,9,1,45.54
2026-01-27 10:00:00,SEG_018,city_road,50,56,0.15,40.54,0.0,3588.94,3,0,2,10,1,18.68
2026-01-27 11:00:00,SEG_015,city_road,50,324,0.87,10.0,0.0,3588.94,7,0,2,11,1,49.53
2026-01-27 12:00:00,SEG_019,city_road,50,60,0.11,40.34,0.0,3588.94,4,0,3,12,0,23.31
2026-01-27 13:00:00,SEG_002,city_road,50,36,0.14,42.45,0.0,3588.94,1,0,2,13,0,15.64
2026-01-27 14:00:00,SEG_006,expressway,100,363,0.99,10.0,30.861529051466096,61.49,1,0,2,14,0,52.74
2026-01-27 15:00:00,SEG_001,expressway,100,296,0.71,32.78,30.861529051466096,61.49,1,1,4,15,0,60.62
2026-01-27 16:00:00,SEG_015,expressway,100,326,0.88,16.74,0.0,3588.94,4,0,3,16,0,50.76
2026-01-27 17:00:00,SEG_010,rural,40,78,0.11,32.08,0.0,3588.94,6,0,2,17,1,23.01
2026-01-27 18:00:00,SEG_019,highway,80,202,0.52,34.6,0.0,3588.94,6,0,4,18,1,39.28
2026-01-27 19:00:00,SEG_017,highway,80,60,0.09,73.69,0.0,3588.94,0,0,2,19,1,8.01
2026-01-27 20:00:00,SEG_005,highway,80,58,0.19,71.13,0.0,3588.94,8,0,0,20,1,20.06
2026-01-27 21:00:00,SEG_004,city_road,50,211,0.57,28.93,0.0,3588.94,3,0,1,21,0,22.99
2026-01-27 22:00:00,SEG_010,expressway,100,286,0.82,10.99,0.0,3588.94,4,0,3,22,0,48.71
2026-01-27 23:00:00,SEG_017,highway,80,166,0.49,45.83,0.0,3588.94,2,0,3,23,0,39.45
2026-01-28 00:00:00,SEG_010,rural,40,352,0.87,10.0,0.0,3588.94,2,0,3,0,0,47.08
2026-01-28 01:00:00,SEG_017,highway,80,146,0.31,54.99,0.0,3588.94,2,0,2,1,0,21.34
2026-01-28 02:00:00,SEG_005,rural,40,65,0.19,34.92,0.0,3588.94,0,0,4,2,0,17.1
2026-01-28 03:00:00,SEG_002,city_road,50,64,0.16,39.6,0.0,3588.94,6,0,2,3,0,20.82
2026-01-28 04:00:00,SEG_006,highway,80,20,0.13,75.08,0.0,3588.94,4,0,2,4,0,19.0
2026-01-28 05:00:00,SEG_002,city_road,50,187,0.36,39.12,0.0,3588.94,3,0,2,5,0,27.5
2026-01-28 06:00:00,SEG_013,highway,80,127,0.43,52.91,0.0,3588.94,3,0,4,6,0,31.03
2026-01-28 07:00:00,SEG_011,highway,80,38,0.12,61.18,0.0,3588.94,1,0,4,7,0,25.89
2026-01-28 08:00:00,SEG_011,city_road,50,351,0.84,10.0,0.0,3588.94,5,0,1,8,1,38.25
2026-01-28 09:00:00,SEG_016,expressway,100,91,0.26,64.32,0.0,3588.94,3,0,0,9,1,15.77
2026-01-28 10:00:00,SEG_011,city_road,50,128,0.38,27.17,0.0,3588.94,4,0,2,10,1,27.51
2026-01-28 11:00:00,SEG_019,city_road,50,287,0.72,10.0,0.0,3588.94,2,0,2,11,1,35.22
2026-01-28 12:00:00,SEG_015,city_road,50,259,0.56,24.25,0.0,3588.94,0,0,2,12,0,23.89
2026-01-28 13:00:00,SEG_016,expressway,100,320,0.79,22.1,0.0,3588.94,1,0,3,13,0,38.9
2026-01-28 14:00:00,SEG_011,highway,80,109,0.32,52.24,0.0,3588.94,1,0,4,14,0,23.85
2026-01-28 15:00:00,SEG_016,city_road,50,122,0.33,29.54,30.861529051466096,61.49,4,0,2,15,0,37.13
2026-01-28 16:00:00,SEG_008,highway,80,269,0.66,28.77,0.0,3588.94,0,0,3,16,0,36.96
2026-01-28 17:00:00,SEG_004,highway,80,27,0.13,64.54,0.0,3588.94,2,0,4,17,1,19.38
2026-01-28 18:00:00,SEG_008,city_road,50,172,0.47,21.1,30.861529051466096,61.49,3,1,0,18,1,40.23
2026-01-28 19:00:00,SEG_004,highway,80,366,0.96,10.0,30.861529051466096,61.49,3,1,3,19,1,72.27
2026-01-28 20:00:00,SEG_003,city_road,50,193,0.46,25.98,0.0,3588.94,3,0,1,20,1,25.94
2026-01-28 21:00:00,SEG_003,expressway,100,362,0.88,10.0,0.0,3588.94,1,0,2,21,0,39.12
2026-01-28 22:00:00,SEG_018,highway,80,177,0.36,49.28,0.0,3588.94,2,0,2,22,0,24.2
2026-01-28 23:00:00,SEG_019,city_road,50,234,0.57,24.11,0.0,3588.94,3,0,3,23,0,39.09
2026-01-29 00:00:00,SEG_019,highway,80,196,0.54,41.62,0.0,3588.94,4,0,2,0,0,35.4
2026-01-29 01:00:00,SEG_005,rural,40,194,0.47,28.45,0.0,3588.94,4,0,1,1,0,29.04
2026-01-29 02:00:00,SEG_018,city_road,50,359,0.92,10.0,0.0,3588.94,1,0,2,2,0,42.46
2026-01-29 03:00:00,SEG_010,expressway,100,357,0.95,10.0,30.861529051466096,61.49,0,1,2,3,0,62.72
2026-01-29 04:00:00,SEG_006,city_road,50,165,0.43,29.44,30.861529051466096,61.49,3,1,0,4,0,40.93
2026-01-29 05:00:00,SEG_001,highway,80,343,0.88,10.0,0.0,3588.94,4,0,1,5,0,46.15
2026-01-29 06:00:00,SEG_005,city_road,50,180,0.38,29.15,0.0,3588.94,0,0,3,6,0,22.61
2026-01-29 07:00:00,SEG_009,rural,40,146,0.35,24.17,0.0,3588.94,1,0,1,7,0,14.41
2026-01-29 08:00:00,SEG_012,city_road,50,101,0.34,30.45,30.861529051466096,61.49,4,0,1,8,1,27.23
2026-01-29 09:00:00,SEG_014,expressway,100,166,0.42,57.8,0.0,3588.94,2,0,1,9,1,18.95
2026-01-29 10:00:00,SEG_002,expressway,100,258,0.74,24.9,0.0,3588.94,5,0,2,10,1,38.2
2026-01-29 11:00:00,SEG_017,highway,80,103,0.22,57.47,0.0,3588.94,5,0,2,11,1,25.71
2026-01-29 12:00:00,SEG_014,highway,80,132,0.34,52.04,0.0,3588.94,4,0,2,12,0,25.37
2026-01-29 13:00:00,SEG_013,city_road,50,244,0.59,17.3,0.0,3588.94,2,0,2,13,0,32.98
2026-01-29 14:00:00,SEG_009,city_road,50,351,0.91,10.0,30.861529051466096,61.49,5,1,3,14,0,77.07
2026-01-29 15:00:00,SEG_015,expressway,100,397,1.0,10.0,0.0,3588.94,6,0,1,15,0,52.73
2026-01-29 16:00:00,SEG_015,rural,40,262,0.69,12.84,0.0,3588.94,1,0,2,16,0,34.05
2026-01-29 17:00:00,SEG_011,city_road,50,162,0.46,32.46,0.0,3588.94,2,0,0,17,1,20.96
2026-01-29 18:00:00,SEG_016,highway,80,60,0.15,55.86,0.0,3588.94,2,0,2,18,1,14.68
2026-01-29 19:00:00,SEG_017,expressway,100,277,0.68,27.65,30.861529051466096,61.49,2,0,5,19,1,50.14
2026-01-29 20:00:00,SEG_004,highway,80,304,0.67,28.56,30.861529051466096,61.49,3,1,1,20,1,56.92
2026-01-29 21:00:00,SEG_001,expressway,100,124,0.34,70.39,30.861529051466096,61.49,1,1,0,21,0,33.73
2026-01-29 22:00:00,SEG_008,city_road,50,221,0.56,19.9,30.861529051466096,61.49,4,1,1,22,0,53.15
2026-01-29 23:00:00,SEG_017,city_road,50,326,0.81,10.0,0.0,3588.94,2,0,1,23,0,33.12
2026-01-30 00:00:00,SEG_003,highway,80,350,0.87,16.5,0.0,3588.94,0,0,2,0,0,39.97
2026-01-30 01:00:00,SEG_015,city_road,50,285,0.71,18.48,0.0,3588.94,1,0,5,1,0,44.0
2026-01-30 02:00:00,SEG_015,city_road,50,229,0.56,26.29,30.861529051466096,61.49,5,1,4,2,0,70.73
2026-01-30 03:00:00,SEG_014,city_road,50,70,0.15,40.16,0.0,3588.94,5,0,2,3,0,18.98
2026-01-30 04:00:00,SEG_014,highway,80,137,0.35,57.57,0.0,3588.94,3,0,2,4,0,22.3
2026-01-30 05:00:00,SEG_002,expressway,100,220,0.57,33.27,30.861529051466096,61.49,2,1,2,5,0,52.84
2026-01-30 06:00:00,SEG_013,expressway,100,396,0.95,10.66,0.0,3588.94,1,0,5,6,0,48.07
2026-01-30 07:00:00,SEG_014,highway,80,58,0.12,70.07,0.0,3588.94,2,0,0,7,0,9.81
2026-01-30 08:00:00,SEG_019,highway,80,47,0.11,71.84,0.0,3588.94,3,0,4,8,1,21.7
2026-01-30 09:00:00,SEG_007,highway,80,278,0.7,19.27,0.0,3588.94,3,0,4,9,1,41.03
2026-01-30 10:00:00,SEG_003,city_road,50,103,0.25,28.43,0.0,3588.94,5,0,2,10,1,28.01
2026-01-30 11:00:00,SEG_015,city_road,50,174,0.47,27.04,30.861529051466096,61.49,3,0,1,11,1,27.62
2026-01-30 12:00:00,SEG_014,city_road,50,136,0.26,39.76,0.0,3588.94,2,0,1,12,0,17.73
2026-01-30 13:00:00,SEG_011,highway,80,21,0.0,83.51,30.861529051466096,61.49,5,1,1,13,0,34.06
2026-01-30 14:00:00,SEG_015,city_road,50,112,0.29,38.47,0.0,3588.94,3,0,1,14,0,21.6
2026-01-30 15:00:00,SEG_013,city_road,50,185,0.43,30.34,0.0,3588.94,4,0,1,15,0,29.22
2026-01-30 16:00:00,SEG_018,city_road,50,369,0.97,10.0,30.861529051466096,61.49,4,1,3,16,0,66.84
2026-01-30 17:00:00,SEG_006,rural,40,315,0.85,10.0,0.0,3588.94,4,0,3,17,1,46.12
2026-01-30 18:00:00,SEG_003,highway,80,277,0.7,18.82,0.0,3588.94,5,0,2,18,1,40.67
2026-01-30 19:00:00,SEG_019,city_road,50,100,0.2,45.54,30.861529051466096,61.49,4,1,4,19,1,42.64
2026-01-30 20:00:00,SEG_015,city_road,50,287,0.77,11.08,0.0,3588.94,4,0,3,20,1,44.63
2026-01-30 21:00:00,SEG_005,city_road,50,254,0.64,17.75,0.0,3588.94,0,0,2,21,0,26.82
2026-01-30 22:00:00,SEG_010,expressway,100,340,0.78,26.33,0.0,3588.94,4,0,1,22,0,34.68
2026-01-30 23:00:00,SEG_007,city_road,50,330,0.76,17.01,0.0,3588.94,2,0,4,23,0,40.65
2026-01-31 00:00:00,SEG_017,rural,40,320,0.88,10.0,0.0,3588.94,5,0,1,0,0,41.33
2026-01-31 01:00:00,SEG_007,highway,80,376,1.0,10.0,0.0,3588.94,5,0,4,1,0,55.29
2026-01-31 02:00:00,SEG_012,highway,80,232,0.45,47.81,30.861529051466096,61.49,2,1,0,2,0,43.02
2026-01-31 03:00:00,SEG_017,expressway,100,81,0.13,82.93,30.861529051466096,61.49,4,1,2,3,0,44.21
2026-01-31 04:00:00,SEG_013,city_road,50,68,0.23,42.44,0.0,3588.94,0,0,2,4,0,13.82
2026-01-31 05:00:00,SEG_004,highway,80,146,0.36,44.07,0.0,3588.94,2,0,2,5,0,25.91
2026-01-31 06:00:00,SEG_010,highway,80,242,0.64,28.33,0.0,3588.94,0,0,3,6,0,28.26
2026-01-31 07:00:00,SEG_003,highway,80,298,0.74,16.7,0.0,3588.94,6,0,4,7,0,50.36
2026-01-31 08:00:00,SEG_009,expressway,100,313,0.82,22.35,0.0,3588.94,4,0,3,8,1,52.02
2026-01-31 09:00:00,SEG_013,highway,80,303,0.76,24.78,30.861529051466096,61.49,5,1,4,9,1,66.54
2026-01-31 10:00:00,SEG_018,city_road,50,296,0.72,14.99,30.861529051466096,61.49,6,1,0,10,1,55.03
2026-01-31 11:00:00,SEG_015,highway,80,126,0.37,51.23,0.0,3588.94,5,0,4,11,1,38.79
2026-01-31 12:00:00,SEG_004,city_road,50,165,0.42,32.52,0.0,3588.94,5,0,3,12,0,34.36
2026-01-31 13:00:00,SEG_015,highway,80,118,0.33,59.21,0.0,3588.94,2,0,5,13,0,28.75
2026-01-31 14:00:00,SEG_002,city_road,50,394,0.99,10.0,0.0,3588.94,3,0,2,14,0,43.26
2026-01-31 15:00:00,SEG_015,highway,80,92,0.21,60.7,0.0,3588.94,9,0,3,15,0,31.24
2026-01-31 16:00:00,SEG_008,expressway,100,141,0.43,60.24,30.861529051466096,61.49,0,1,5,16,0,53.17
2026-01-31 17:00:00,SEG_008,highway,80,49,0.14,59.51,0.0,3588.94,1,0,2,17,1,13.32
2026-01-31 18:00:00,SEG_017,city_road,50,207,0.5,29.55,30.861529051466096,61.49,3,1,0,18,1,42.8
2026-01-31 19:00:00,SEG_012,expressway,100,383,1.0,10.0,0.0,3588.94,6,0,3,19,1,54.99
2026-01-31 20:00:00,SEG_019,city_road,50,373,0.87,10.0,0.0,3588.94,1,0,1,20,1,33.75
2026-01-31 21:00:00,SEG_010,city_road,50,307,0.88,10.58,0.0,3588.94,5,0,3,21,0,51.74
2026-01-31 22:00:00,SEG_009,city_road,50,214,0.53,21.42,0.0,3588.94,3,0,1,22,0,24.31
2026-01-31 23:00:00,SEG_005,city_road,50,175,0.37,34.74,0.0,3588.94,5,0,2,23,0,29.18
2026-02-01 00:00:00,SEG_006,city_road,50,191,0.57,27.19,0.0,3588.94,7,0,2,0,0,47.85
2026-02-01 01:00:00,SEG_002,rural,40,354,0.86,10.0,30.861529051466096,61.49,5,1,1,1,0,62.37
2026-02-01 02:00:00,SEG_013,city_road,50,60,0.16,43.56,0.0,3588.94,6,0,2,2,0,21.36
2026-02-01 03:00:00,SEG_006,city_road,50,82,0.24,37.4,0.0,3588.94,1,0,3,3,0,19.12
2026-02-01 04:00:00,SEG_005,expressway,100,42,0.16,84.58,30.861529051466096,61.49,2,1,1,4,0,26.49
2026-02-01 05:00:00,SEG_001,city_road,50,379,0.96,10.0,30.861529051466096,61.49,1,0,5,5,0,54.03
2026-02-01 06:00:00,SEG_006,highway,80,94,0.2,62.53,30.861529051466096,61.49,5,1,0,6,0,40.65
2026-02-01 07:00:00,SEG_006,city_road,50,67,0.18,34.56,0.0,3588.94,2,0,1,7,0,12.77
2026-02-01 08:00:00,SEG_016,rural,40,179,0.43,18.31,30.861529051466096,61.49,2,1,1,8,1,47.93
2026-02-01 09:00:00,SEG_004,highway,80,332,0.84,10.0,0.0,3588.94,2,0,3,9,1,41.69
2026-02-01 10:00:00,SEG_011,city_road,50,137,0.42,30.32,0.0,3588.94,2,0,1,10,1,20.72
2026-02-01 11:00:00,SEG_009,highway,80,119,0.34,61.26,0.0,3588.94,2,0,0,11,1,13.79
2026-02-01 12:00:00,SEG_003,city_road,50,399,1.0,10.0,0.0,3588.94,2,0,2,12,0,43.97
2026-02-01 13:00:00,SEG_019,highway,80,186,0.5,44.83,0.0,3588.94,6,0,1,13,0,28.87
2026-02-01 14:00:00,SEG_008,city_road,50,309,0.81,15.13,0.0,3588.94,0,0,0,14,0,27.91
2026-02-01 15:00:00,SEG_005,expressway,100,175,0.38,56.0,0.0,3588.94,1,0,2,15,0,18.39
2026-02-01 16:00:00,SEG_004,city_road,50,26,0.07,41.58,0.0,3588.94,4,0,3,16,0,15.82
2026-02-01 17:00:00,SEG_006,city_road,50,215,0.67,21.45,0.0,3588.94,6,0,2,17,1,39.53
2026-02-01 18:00:00,SEG_002,expressway,100,75,0.25,74.54,30.861529051466096,61.49,3,1,2,18,1,44.82
2026-02-01 19:00:00,SEG_011,rural,40,340,0.82,10.0,30.861529051466096,61.49,3,1,3,19,1,66.84
2026-02-01 20:00:00,SEG_004,highway,80,212,0.5,36.82,0.0,3588.94,3,0,1,20,1,28.5
2026-02-01 21:00:00,SEG_015,city_road,50,66,0.13,45.6,30.861529051466096,61.49,4,0,1,21,0,20.5
2026-02-01 22:00:00,SEG_006,highway,80,167,0.46,39.23,0.0,3588.94,1,0,5,22,0,33.06
2026-02-01 23:00:00,SEG_017,rural,40,294,0.82,10.0,0.0,3588.94,4,0,5,23,0,56.81
2026-02-02 00:00:00,SEG_006,rural,40,176,0.47,19.59,0.0,3588.94,4,0,1,0,0,31.64
2026-02-02 01:00:00,SEG_019,city_road,50,221,0.56,20.8,0.0,3588.94,4,0,5,1,0,38.78
2026-02-02 02:00:00,SEG_002,expressway,100,145,0.34,66.05,30.861529051466096,61.49,1,1,2,2,0,39.59
2026-02-02 03:00:00,SEG_015,city_road,50,324,0.83,14.79,0.0,3588.94,2,0,1,3,0,41.14
2026-02-02 04:00:00,SEG_011,city_road,50,388,0.93,10.0,0.0,3588.94,1,0,1,4,0,38.9
2026-02-02 05:00:00,SEG_008,highway,80,313,0.69,26.01,0.0,3588.94,2,0,3,5,0,36.58
2026-02-02 06:00:00,SEG_019,expressway,100,83,0.29,76.28,0.0,3588.94,2,0,5,6,0,28.24
2026-02-02 07:00:00,SEG_013,highway,80,344,0.81,15.25,30.861529051466096,61.49,3,1,1,7,0,60.75
2026-02-02 08:00:00,SEG_012,expressway,100,195,0.47,63.68,30.861529051466096,61.49,2,1,2,8,1,49.89
2026-02-02 09:00:00,SEG_005,expressway,100,135,0.37,56.68,0.0,3588.94,5,0,0,9,1,21.35
2026-02-02 10:00:00,SEG_006,expressway,100,223,0.63,32.33,30.861529051466096,61.49,5,1,4,10,1,66.28
2026-02-02 11:00:00,SEG_004,highway,80,340,0.86,14.27,0.0,3588.94,3,0,1,11,1,37.4
2026-02-02 12:00:00,SEG_019,city_road,50,50,0.07,52.77,30.861529051466096,61.49,5,0,0,12,0,20.67
2026-02-02 13:00:00,SEG_001,highway,80,132,0.31,54.2,0.0,3588.94,3,0,1,13,0,17.64
2026-02-02 14:00:00,SEG_017,city_road,50,384,0.93,10.0,0.0,3588.94,8,0,4,14,0,55.75
2026-02-02 15:00:00,SEG_012,highway,80,344,0.86,20.0,0.0,3588.94,8,0,3,15,0,58.53
2026-02-02 16:00:00,SEG_015,rural,40,395,1.0,10.0,0.0,3588.94,4,0,3,16,0,51.79
2026-02-02 17:00:00,SEG_001,city_road,50,363,0.78,12.7,0.0,3588.94,1,0,1,17,1,37.39
2026-02-02 18:00:00,SEG_014,city_road,50,86,0.19,47.07,0.0,3588.94,0,0,1,18,1,3.85
2026-02-02 19:00:00,SEG_006,city_road,50,94,0.21,37.29,0.0,3588.94,3,0,3,19,1,18.0
2026-02-02 20:00:00,SEG_005,city_road,50,64,0.1,41.89,30.861529051466096,61.49,4,1,3,20,1,44.62
2026-02-02 21:00:00,SEG_011,city_road,50,279,0.73,10.73,0.0,3588.94,3,0,2,21,0,37.34
2026-02-02 22:00:00,SEG_004,city_road,50,173,0.36,36.51,0.0,3588.94,6,0,2,22,0,27.13
2026-02-02 23:00:00,SEG_013,rural,40,174,0.37,30.5,0.0,3588.94,4,0,3,23,0,33.36
2026-02-03 00:00:00,SEG_011,city_road,50,382,1.0,10.0,30.861529051466096,61.49,4,0,4,0,0,60.11
2026-02-03 01:00:00,SEG_003,rural,40,253,0.71,21.02,0.0,3588.94,3,0,3,1,0,43.45
2026-02-03 02:00:00,SEG_001,expressway,100,70,0.17,83.16,30.861529051466096,61.49,2,1,2,2,0,38.45
2026-02-03 03:00:00,SEG_006,highway,80,325,0.75,26.46,30.861529051466096,61.49,5,1,3,3,0,64.76
2026-02-03 04:00:00,SEG_018,rural,40,281,0.67,11.04,0.0,3588.94,4,0,1,4,0,32.44
2026-02-03 05:00:00,SEG_010,highway,80,334,0.89,20.47,0.0,3588.94,3,0,3,5,0,50.27
2026-02-03 06:00:00,SEG_005,expressway,100,144,0.37,70.85,0.0,3588.94,5,0,2,6,0,28.06
2026-02-03 07:00:00,SEG_010,city_road,50,264,0.65,16.86,0.0,3588.94,2,0,2,7,0,35.67
2026-02-03 08:00:00,SEG_012,expressway,100,49,0.14,93.17,30.861529051466096,61.49,2,1,2,8,1,41.82
2026-02-03 09:00:00,SEG_002,expressway,100,141,0.35,71.92,30.861529051466096,61.49,2,0,2,9,1,29.72
2026-02-03 10:00:00,SEG_013,expressway,100,144,0.44,63.77,0.0,3588.94,3,0,6,10,1,35.73
2026-02-03 11:00:00,SEG_008,expressway,100,56,0.1,77.59,0.0,3588.94,3,0,1,11,1,11.29
2026-02-03 12:00:00,SEG_002,city_road,50,189,0.43,32.1,30.861529051466096,61.49,3,0,1,12,0,32.82
2026-02-03 13:00:00,SEG_001,highway,80,143,0.29,59.51,0.0,3588.94,0,0,5,13,0,29.67
2026-02-03 14:00:00,SEG_005,city_road,50,376,0.91,10.0,0.0,3588.94,4,0,3,14,0,45.17
2026-02-03 15:00:00,SEG_009,highway,80,54,0.08,74.69,0.0,3588.94,4,0,5,15,0,26.46
2026-02-03 16:00:00,SEG_017,city_road,50,106,0.28,37.24,0.0,3588.94,2,0,2,16,0,20.33
2026-02-03 17:00:00,SEG_009,city_road,50,153,0.38,37.42,30.861529051466096,61.49,4,1,2,17,1,44.6
2026-02-03 18:00:00,SEG_011,rural,40,215,0.48,23.5,0.0,3588.94,2,0,1,18,1,21.14
2026-02-03 19:00:00,SEG_015,city_road,50,293,0.76,13.08,0.0,3588.94,1,0,2,19,1,32.55
2026-02-03 20:00:00,SEG_006,expressway,100,220,0.63,42.7,30.861529051466096,61.49,1,0,2,20,1,40.06
2026-02-03 21:00:00,SEG_003,highway,80,388,0.99,10.0,0.0,3588.94,1,0,2,21,0,45.47
2026-02-03 22:00:00,SEG_017,expressway,100,304,0.63,39.57,30.861529051466096,61.49,1,1,3,22,0,50.14
2026-02-03 23:00:00,SEG_005,rural,40,96,0.34,35.74,0.0,3588.94,2,0,2,23,0,23.82
2026-02-04 00:00:00,SEG_012,city_road,50,78,0.23,36.33,0.0,3588.94,1,0,0,0,0,11.58
2026-02-04 01:00:00,SEG_018,city_road,50,145,0.46,19.42,30.861529051466096,61.49,5,0,1,1,0,38.55
2026-02-04 02:00:00,SEG_014,expressway,100,128,0.37,63.36,0.0,3588.94,2,0,2,2,0,23.41
2026-02-04 03:00:00,SEG_011,highway,80,243,0.67,27.47,0.0,3588.94,1,0,7,3,0,43.3
2026-02-04 04:00:00,SEG_009,city_road,50,297,0.75,16.11,0.0,3588.94,3,0,1,4,0,38.76
2026-02-04 05:00:00,SEG_002,city_road,50,87,0.2,40.54,0.0,3588.94,5,0,3,5,0,21.1
2026-02-04 06:00:00,SEG_012,highway,80,88,0.24,64.58,0.0,3588.94,3,0,2,6,0,20.25
2026-02-04 07:00:00,SEG_003,city_road,50,184,0.42,41.52,30.861529051466096,61.49,3,1,1,7,0,45.65
2026-02-04 08:00:00,SEG_003,highway,80,324,0.83,17.61,30.861529051466096,61.49,1,0,3,8,1,46.05
2026-02-04 09:00:00,SEG_001,highway,80,181,0.32,59.29,30.861529051466096,61.49,2,1,3,9,1,45.55
2026-02-04 10:00:00,SEG_008,highway,80,384,0.96,10.0,0.0,3588.94,3,0,3,10,1,49.16
2026-02-04 11:00:00,SEG_008,rural,40,361,0.97,10.0,0.0,3588.94,2,0,1,11,1,37.06
2026-02-04 12:00:00,SEG_011,city_road,50,328,0.82,10.0,0.0,3588.94,4,0,4,12,0,50.71
2026-02-04 13:00:00,SEG_009,rural,40,398,1.0,10.0,30.861529051466096,61.49,4,0,4,13,0,61.61
2026-02-04 14:00:00,SEG_005,city_road,50,362,0.89,10.0,0.0,3588.94,4,0,2,14,0,47.77
2026-02-04 15:00:00,SEG_014,city_road,50,61,0.2,42.57,0.0,3588.94,2,0,1,15,0,12.14
2026-02-04 16:00:00,SEG_003,city_road,50,373,0.89,10.0,30.861529051466096,61.49,3,1,3,16,0,66.84
2026-02-04 17:00:00,SEG_005,city_road,50,128,0.37,24.93,0.0,3588.94,1,0,1,17,1,15.11
2026-02-04 18:00:00,SEG_005,highway,80,70,0.19,65.45,0.0,3588.94,3,0,1,18,1,13.81
2026-02-04 19:00:00,SEG_019,city_road,50,269,0.66,13.31,30.861529051466096,61.49,2,1,2,19,1,53.41
2026-02-04 20:00:00,SEG_014,highway,80,360,0.77,20.65,30.861529051466096,61.49,0,1,2,20,1,56.97
2026-02-04 21:00:00,SEG_004,city_road,50,40,0.09,49.04,0.0,3588.94,3,0,2,21,0,18.29
2026-02-04 22:00:00,SEG_013,city_road,50,319,0.81,10.0,0.0,3588.94,4,0,1,22,0,40.51
2026-02-04 23:00:00,SEG_010,highway,80,158,0.44,43.61,30.861529051466096,61.49,1,1,1,23,0,42.88
2026-02-05 00:00:00,SEG_018,highway,80,378,1.0,10.0,0.0,3588.94,2,0,1,0,0,43.46
2026-02-05 01:00:00,SEG_008,expressway,100,343,0.96,10.0,0.0,3588.94,5,0,5,1,0,58.49
2026-02-05 02:00:00,SEG_008,city_road,50,111,0.34,34.07,0.0,3588.94,0,0,3,2,0,20.99
2026-02-05 03:00:00,SEG_007,highway,80,299,0.72,15.24,0.0,3588.94,1,0,2,3,0,32.28
2026-02-05 04:00:00,SEG_008,rural,40,144,0.34,29.23,0.0,3588.94,2,0,2,4,0,24.41
2026-02-05 05:00:00,SEG_014,highway,80,130,0.36,49.02,0.0,3588.94,2,0,1,5,0,11.9
2026-02-05 06:00:00,SEG_019,city_road,50,373,0.96,10.0,0.0,3588.94,2,0,0,6,0,31.2
2026-02-05 07:00:00,SEG_006,rural,40,158,0.48,17.9,0.0,3588.94,4,0,4,7,0,39.88
2026-02-05 08:00:00,SEG_001,highway,80,292,0.85,10.0,30.861529051466096,61.49,3,1,1,8,1,60.88
2026-02-05 09:00:00,SEG_015,highway,80,118,0.41,52.54,30.861529051466096,61.49,3,1,2,9,1,51.82
2026-02-05 10:00:00,SEG_001,highway,80,271,0.75,20.87,30.861529051466096,61.49,2,1,3,10,1,60.14
2026-02-05 11:00:00,SEG_017,city_road,50,357,0.92,10.0,0.0,3588.94,3,0,1,11,1,46.22
2026-02-05 12:00:00,SEG_001,highway,80,123,0.37,58.65,0.0,3588.94,1,0,1,12,0,17.54
2026-02-05 13:00:00,SEG_015,city_road,50,233,0.67,19.63,0.0,3588.94,2,0,0,13,0,28.8
2026-02-05 14:00:00,SEG_002,highway,80,268,0.66,25.52,30.861529051466096,61.49,0,1,2,14,0,50.47
2026-02-05 15:00:00,SEG_014,city_road,50,171,0.4,22.23,0.0,3588.94,4,0,1,15,0,22.31
2026-02-05 16:00:00,SEG_008,rural,40,269,0.63,12.68,0.0,3588.94,4,0,2,16,0,30.83
2026-02-05 17:00:00,SEG_008,expressway,100,294,0.69,29.9,30.861529051466096,61.49,6,0,4,17,1,58.22
2026-02-05 18:00:00,SEG_019,city_road,50,184,0.39,32.35,0.0,3588.94,3,0,3,18,1,29.84
2026-02-05 19:00:00,SEG_007,city_road,50,360,0.91,10.0,0.0,3588.94,4,0,1,19,1,43.13
2026-02-05 20:00:00,SEG_019,city_road,50,27,0.02,53.03,30.861529051466096,61.49,1,1,3,20,1,31.0
2026-02-05 21:00:00,SEG_006,city_road,50,303,0.72,10.0,30.861529051466096,61.49,3,0,1,21,0,46.16
2026-02-05 22:00:00,SEG_006,city_road,50,24,0.1,46.04,0.0,3588.94,1,0,0,22,0,5.82
2026-02-05 23:00:00,SEG_003,highway,80,164,0.42,45.6,30.861529051466096,61.49,3,1,3,23,0,54.52
2026-02-06 00:00:00,SEG_007,expressway,100,120,0.32,81.39,0.0,3588.94,2,0,2,0,0,21.19
2026-02-06 01:00:00,SEG_019,city_road,50,183,0.53,23.82,30.861529051466096,61.49,5,1,4,1,0,60.0
2026-02-06 02:00:00,SEG_008,highway,80,393,1.0,10.0,0.0,3588.94,4,0,1,2,0,48.98
2026-02-06 03:00:00,SEG_010,city_road,50,166,0.49,26.05,0.0,3588.94,1,0,3,3,0,29.5
2026-02-06 04:00:00,SEG_015,city_road,50,83,0.21,39.46,0.0,3588.94,4,0,2,4,0,20.81
2026-02-06 05:00:00,SEG_015,expressway,100,110,0.36,54.05,30.861529051466096,61.49,2,1,0,5,0,40.62
2026-02-06 06:00:00,SEG_001,expressway,100,136,0.36,66.04,0.0,3588.94,1,0,1,6,0,20.05
2026-02-06 07:00:00,SEG_007,expressway,100,373,0.94,10.0,0.0,3588.94,6,0,2,7,0,52.88
2026-02-06 08:00:00,SEG_004,highway,80,286,0.79,16.67,0.0,3588.94,1,0,4,8,1,36.52
2026-02-06 09:00:00,SEG_006,city_road,50,329,0.78,10.0,30.861529051466096,61.49,4,1,0,9,1,53.54
2026-02-06 10:00:00,SEG_001,city_road,50,192,0.58,15.53,0.0,3588.94,4,0,0,10,1,30.5
2026-02-06 11:00:00,SEG_005,highway,80,66,0.15,72.39,0.0,3588.94,6,0,2,11,1,21.16
2026-02-06 12:00:00,SEG_001,highway,80,159,0.34,58.34,0.0,3588.94,6,0,3,12,0,29.75
2026-02-06 13:00:00,SEG_004,expressway,100,265,0.7,32.09,0.0,3588.94,1,0,2,13,0,33.62
2026-02-06 14:00:00,SEG_002,highway,80,168,0.4,38.95,0.0,3588.94,4,0,1,14,0,21.76
2026-02-06 15:00:00,SEG_010,city_road,50,265,0.76,14.42,0.0,3588.94,6,0,3,15,0,46.16
2026-02-06 16:00:00,SEG_005,highway,80,24,0.04,67.82,0.0,3588.94,6,0,1,16,0,18.96
2026-02-06 17:00:00,SEG_010,highway,80,203,0.52,35.09,0.0,3588.94,2,0,1,17,1,20.66
2026-02-06 18:00:00,SEG_001,highway,80,39,0.03,81.93,30.861529051466096,61.49,4,0,5,18,1,27.66
2026-02-06 19:00:00,SEG_006,rural,40,65,0.2,35.29,0.0,3588.94,4,0,1,19,1,13.17
2026-02-06 20:00:00,SEG_013,expressway,100,31,0.04,98.28,0.0,3588.94,3,0,1,20,1,7.82
2026-02-06 21:00:00,SEG_015,rural,40,89,0.26,36.16,30.861529051466096,61.49,2,0,1,21,0,24.06
2026-02-06 22:00:00,SEG_004,city_road,50,36,0.07,49.3,0.0,3588.94,0,0,2,22,0,6.59
2026-02-06 23:00:00,SEG_013,highway,80,390,0.87,10.0,30.861529051466096,61.49,3,0,2,23,0,54.68
2026-02-07 00:00:00,SEG_015,city_road,50,166,0.42,27.15,0.0,3588.94,0,0,2,0,0,22.07
2026-02-07 01:00:00,SEG_008,city_road,50,173,0.44,27.79,0.0,3588.94,1,0,1,1,0,20.34
2026-02-07 02:00:00,SEG_005,expressway,100,323,0.85,14.21,0.0,3588.94,3,0,1,2,0,42.55
2026-02-07 03:00:00,SEG_015,highway,80,127,0.4,44.91,30.861529051466096,61.49,3,1,3,3,0,47.72
2026-02-07 04:00:00,SEG_004,city_road,50,255,0.73,10.0,0.0,3588.94,1,0,1,4,0,33.15
2026-02-07 05:00:00,SEG_012,highway,80,327,0.86,23.2,0.0,3588.94,8,0,0,5,0,44.39
2026-02-07 06:00:00,SEG_013,city_road,50,371,0.94,10.0,30.861529051466096,61.49,3,0,1,6,0,48.25
2026-02-07 07:00:00,SEG_002,expressway,100,89,0.15,96.76,0.0,3588.94,1,0,4,7,0,21.08
2026-02-07 08:00:00,SEG_019,city_road,50,202,0.52,18.29,0.0,3588.94,2,0,1,8,1,23.96
2026-02-07 09:00:00,SEG_019,city_road,50,269,0.68,19.29,0.0,3588.94,3,0,1,9,1,33.35
2026-02-07 10:00:00,SEG_004,city_road,50,247,0.61,20.65,30.861529051466096,61.49,1,1,0,10,1,45.77
2026-02-07 11:00:00,SEG_004,city_road,50,121,0.33,28.89,0.0,3588.94,3,0,3,11,1,27.47
2026-02-07 12:00:00,SEG_011,expressway,100,94,0.29,68.66,0.0,3588.94,3,0,3,12,0,23.63
2026-02-07 13:00:00,SEG_005,expressway,100,235,0.55,44.92,0.0,3588.94,5,0,2,13,0,38.03
2026-02-07 14:00:00,SEG_011,rural,40,222,0.51,15.38,0.0,3588.94,5,0,0,14,0,21.72
2026-02-07 15:00:00,SEG_010,expressway,100,211,0.52,46.72,30.861529051466096,61.49,6,1,0,15,0,54.84
2026-02-07 16:00:00,SEG_008,city_road,50,268,0.64,10.0,30.861529051466096,61.49,4,1,2,16,0,53.44
2026-02-07 17:00:00,SEG_006,city_road,50,261,0.57,25.06,30.861529051466096,61.49,1,0,2,17,1,33.41
2026-02-07 18:00:00,SEG_006,city_road,50,198,0.45,33.64,30.861529051466096,61.49,1,1,0,18,1,42.03
2026-02-07 19:00:00,SEG_008,highway,80,238,0.53,39.87,0.0,3588.94,5,0,3,19,1,31.51
2026-02-07 20:00:00,SEG_015,expressway,100,101,0.31,80.32,0.0,3588.94,4,0,2,20,1,25.35
2026-02-07 21:00:00,SEG_014,highway,80,111,0.36,54.61,30.861529051466096,61.49,3,0,1,21,0,25.2
2026-02-07 22:00:00,SEG_011,rural,40,194,0.43,28.51,0.0,3588.94,1,0,2,22,0,20.14
2026-02-07 23:00:00,SEG_012,city_road,50,258,0.67,22.69,0.0,3588.94,1,0,2,23,0,28.4
2026-02-08 00:00:00,SEG_013,city_road,50,279,0.74,10.0,30.861529051466096,61.49,1,0,3,0,0,40.59
2026-02-08 01:00:00,SEG_008,city_road,50,384,0.89,10.0,0.0,3588.94,1,0,2,1,0,33.96
2026-02-08 02:00:00,SEG_018,expressway,100,182,0.46,47.09,30.861529051466096,61.49,2,1,2,2,0,55.03
2026-02-08 03:00:00,SEG_001,city_road,50,67,0.29,29.6,0.0,3588.94,0,0,2,3,0,15.6
2026-02-08 04:00:00,SEG_015,city_road,50,348,0.9,10.0,0.0,3588.94,0,0,2,4,0,33.79
2026-02-08 05:00:00,SEG_008,highway,80,347,0.86,10.0,0.0,3588.94,2,0,0,5,0,32.41
2026-02-08 06:00:00,SEG_011,city_road,50,135,0.31,37.75,0.0,3588.94,0,0,1,6,0,13.96
2026-02-08 07:00:00,SEG_012,highway,80,356,0.79,18.97,30.861529051466096,61.49,5,0,3,7,0,53.23
2026-02-08 08:00:00,SEG_012,expressway,100,356,0.91,10.0,0.0,3588.94,4,0,4,8,1,48.05
2026-02-08 09:00:00,SEG_004,city_road,50,388,1.0,10.0,0.0,3588.94,2,0,1,9,1,39.3
2026-02-08 10:00:00,SEG_016,city_road,50,244,0.57,25.42,0.0,3588.94,1,0,3,10,1,34.51
2026-02-08 11:00:00,SEG_004,highway,80,371,0.83,15.81,0.0,3588.94,2,0,4,11,1,40.84
2026-02-08 12:00:00,SEG_005,highway,80,347,0.83,10.0,0.0,3588.94,1,0,2,12,0,31.06
2026-02-08 13:00:00,SEG_005,expressway,100,166,0.46,50.3,30.861529051466096,61.49,2,1,1,13,0,44.65
2026-02-08 14:00:00,SEG_008,highway,80,82,0.18,65.73,0.0,3588.94,5,0,1,14,0,13.5
2026-02-08 15:00:00,SEG_010,highway,80,313,0.74,24.47,30.861529051466096,61.49,6,0,5,15,0,57.89
2026-02-08 16:00:00,SEG_017,highway,80,342,0.86,10.0,30.861529051466096,61.49,4,1,2,16,0,63.06
2026-02-08 17:00:00,SEG_009,rural,40,344,0.87,10.0,0.0,3588.94,2,0,1,17,1,33.72
2026-02-08 18:00:00,SEG_019,expressway,100,32,0.01,91.17,0.0,3588.94,3,0,0,18,1,6.56
2026-02-08 19:00:00,SEG_014,city_road,50,208,0.51,29.63,30.861529051466096,61.49,4,0,1,19,1,37.34
2026-02-08 20:00:00,SEG_008,highway,80,306,0.74,22.01,0.0,3588.94,1,0,1,20,1,28.48
2026-02-08 21:00:00,SEG_009,city_road,50,227,0.54,16.27,0.0,3588.94,0,0,2,21,0,24.62
2026-02-08 22:00:00,SEG_011,expressway,100,133,0.28,65.24,0.0,3588.94,7,0,2,22,0,27.23
2026-02-08 23:00:00,SEG_001,city_road,50,41,0.15,44.44,30.861529051466096,61.49,2,0,0,23,0,18.17
2026-02-09 00:00:00,SEG_014,highway,80,368,0.89,15.67,30.861529051466096,61.49,6,1,0,0,0,61.43
2026-02-09 01:00:00,SEG_005,highway,80,233,0.48,36.12,30.861529051466096,61.49,2,1,7,1,0,59.01
2026-02-09 02:00:00,SEG_014,highway,80,190,0.49,44.73,0.0,3588.94,3,0,0,2,0,23.87
2026-02-09 03:00:00,SEG_004,city_road,50,342,0.89,10.0,0.0,3588.94,6,0,4,3,0,62.16
2026-02-09 04:00:00,SEG_001,expressway,100,73,0.14,90.12,0.0,3588.94,4,0,1,4,0,10.64
2026-02-09 05:00:00,SEG_019,highway,80,317,0.76,22.62,0.0,3588.94,2,0,3,5,0,47.57
2026-02-09 06:00:00,SEG_008,highway,80,339,0.82,15.18,0.0,3588.94,7,0,1,6,0,47.97
2026-02-09 07:00:00,SEG_015,highway,80,145,0.35,42.83,30.861529051466096,61.49,5,1,3,7,0,59.45
2026-02-09 08:00:00,SEG_015,rural,40,296,0.8,11.41,30.861529051466096,61.49,5,1,1,8,1,66.43
2026-02-09 09:00:00,SEG_009,highway,80,223,0.55,38.51,0.0,3588.94,0,0,3,9,1,25.42
2026-02-09 10:00:00,SEG_009,expressway,100,213,0.57,45.05,0.0,3588.94,2,0,0,10,1,25.92
2026-02-09 11:00:00,SEG_010,city_road,50,188,0.42,29.98,0.0,3588.94,1,0,2,11,1,20.7
2026-02-09 12:00:00,SEG_009,city_road,50,171,0.41,25.11,0.0,3588.94,5,0,2,12,0,30.09
2026-02-09 13:00:00,SEG_003,highway,80,54,0.18,71.01,30.861529051466096,61.49,3,0,1,13,0,19.49
2026-02-09 14:00:00,SEG_011,highway,80,203,0.47,46.89,30.861529051466096,61.49,8,0,3,14,0,46.13
2026-02-09 15:00:00,SEG_006,city_road,50,305,0.81,10.0,0.0,3588.94,2,0,2,15,0,41.04
2026-02-09 16:00:00,SEG_002,expressway,100,76,0.16,90.57,0.0,3588.94,3,0,0,16,0,12.91
2026-02-09 17:00:00,SEG_007,city_road,50,241,0.59,21.16,0.0,3588.94,2,0,3,17,1,36.72
2026-02-09 18:00:00,SEG_018,city_road,50,322,0.89,10.0,0.0,3588.94,3,0,1,18,1,35.96
2026-02-09 19:00:00,SEG_002,highway,80,182,0.43,44.72,0.0,3588.94,5,0,4,19,1,31.44
2026-02-09 20:00:00,SEG_017,rural,40,38,0.1,35.61,0.0,3588.94,8,0,1,20,1,24.81
2026-02-09 21:00:00,SEG_011,expressway,100,389,1.0,10.0,0.0,3588.94,3,0,1,21,0,47.08
2026-02-09 22:00:00,SEG_012,highway,80,283,0.72,27.57,30.861529051466096,61.49,3,1,3,22,0,63.55
2026-02-09 23:00:00,SEG_019,rural,40,301,0.77,14.26,0.0,3588.94,5,0,2,23,0,44.21
2026-02-10 00:00:00,SEG_007,city_road,50,132,0.33,34.42,0.0,3588.94,2,0,2,0,0,24.15
2026-02-10 01:00:00,SEG_006,city_road,50,346,0.8,14.45,0.0,3588.94,4,0,1,1,0,39.54
2026-02-10 02:00:00,SEG_001,expressway,100,49,0.14,81.83,0.0,3588.94,3,0,3,2,0,21.51
2026-02-10 03:00:00,SEG_017,expressway,100,154,0.35,67.92,0.0,3588.94,5,0,1,3,0,27.69
2026-02-10 04:00:00,SEG_011,city_road,50,86,0.25,36.73,0.0,3588.94,4,0,1,4,0,19.47
2026-02-10 05:00:00,SEG_018,highway,80,84,0.28,47.3,0.0,3588.94,4,0,3,5,0,25.76
2026-02-10 06:00:00,SEG_017,city_road,50,311,0.69,10.0,0.0,3588.94,2,0,4,6,0,41.3
2026-02-10 07:00:00,SEG_007,rural,40,44,0.18,29.49,30.861529051466096,61.49,4,1,2,7,0,49.81
2026-02-10 08:00:00,SEG_017,highway,80,56,0.12,72.48,0.0,3588.94,5,0,1,8,1,14.66
2026-02-10 09:00:00,SEG_009,city_road,50,20,0.04,44.69,30.861529051466096,61.49,3,1,1,9,1,31.82
2026-02-10 10:00:00,SEG_017,city_road,50,56,0.09,42.54,0.0,3588.94,0,0,2,10,1,3.88
2026-02-10 11:00:00,SEG_008,city_road,50,160,0.41,33.32,0.0,3588.94,3,0,2,11,1,27.65
2026-02-10 12:00:00,SEG_017,city_road,50,251,0.63,15.72,0.0,3588.94,6,0,0,12,0,32.46
2026-02-10 13:00:00,SEG_007,rural,40,155,0.44,29.05,0.0,3588.94,5,0,1,13,0,24.2
2026-02-10 14:00:00,SEG_001,highway,80,207,0.48,47.43,30.861529051466096,61.49,3,1,1,14,0,48.32
2026-02-10 15:00:00,SEG_013,highway,80,147,0.45,44.11,30.861529051466096,61.49,1,0,1,15,0,32.95
2026-02-10 16:00:00,SEG_019,highway,80,220,0.58,37.37,30.861529051466096,61.49,6,1,1,16,0,56.96
2026-02-10 17:00:00,SEG_019,expressway,100,146,0.37,66.09,30.861529051466096,61.49,3,1,2,17,1,46.88
2026-02-10 18:00:00,SEG_017,city_road,50,276,0.68,14.77,0.0,3588.94,2,0,2,18,1,38.17
2026-02-10 19:00:00,SEG_013,highway,80,183,0.44,49.11,0.0,3588.94,3,0,1,19,1,24.38
2026-02-10 20:00:00,SEG_016,expressway,100,54,0.12,93.04,0.0,3588.94,6,0,2,20,1,18.58
2026-02-10 21:00:00,SEG_008,expressway,100,213,0.54,41.24,30.861529051466096,61.49,1,1,2,21,0,51.68
2026-02-10 22:00:00,SEG_019,expressway,100,210,0.51,49.77,30.861529051466096,61.49,3,1,1,22,0,52.94
2026-02-10 23:00:00,SEG_018,rural,40,123,0.28,29.51,0.0,3588.94,1,0,1,23,0,14.2
2026-02-11 00:00:00,SEG_001,highway,80,42,0.11,75.45,30.861529051466096,61.49,4,1,3,0,0,43.96
2026-02-11 01:00:00,SEG_014,expressway,100,284,0.67,30.78,0.0,3588.94,1,0,3,1,0,30.52
2026-02-11 02:00:00,SEG_019,city_road,50,309,0.79,10.0,0.0,3588.94,2,0,3,2,0,38.04
2026-02-11 03:00:00,SEG_015,expressway,100,279,0.69,31.84,0.0,3588.94,5,0,1,3,0,36.15
2026-02-11 04:00:00,SEG_018,expressway,100,377,0.98,10.0,0.0,3588.94,2,0,4,4,0,50.53
2026-02-11 05:00:00,SEG_002,expressway,100,94,0.28,66.0,30.861529051466096,61.49,3,1,3,5,0,45.66
2026-02-11 06:00:00,SEG_017,city_road,50,374,0.98,10.0,0.0,3588.94,4,0,4,6,0,53.19
2026-02-11 07:00:00,SEG_018,highway,80,91,0.24,58.2,0.0,3588.94,3,0,1,7,0,17.03
2026-02-11 08:00:00,SEG_006,city_road,50,278,0.72,12.29,0.0,3588.94,6,0,0,8,1,34.21
2026-02-11 09:00:00,SEG_019,rural,40,207,0.5,11.17,0.0,3588.94,3,0,4,9,1,34.69
2026-02-11 10:00:00,SEG_004,rural,40,192,0.51,27.09,0.0,3588.94,3,0,1,10,1,30.32
2026-02-11 11:00:00,SEG_001,highway,80,309,0.81,14.55,0.0,3588.94,3,0,1,11,1,35.56
2026-02-11 12:00:00,SEG_008,highway,80,64,0.08,72.2,0.0,3588.94,2,0,4,12,0,16.1
2026-02-11 13:00:00,SEG_007,highway,80,80,0.22,70.51,0.0,3588.94,3,0,3,13,0,28.96
2026-02-11 14:00:00,SEG_003,expressway,100,102,0.32,71.59,0.0,3588.94,4,0,1,14,0,22.88
2026-02-11 15:00:00,SEG_010,expressway,100,142,0.34,63.32,30.861529051466096,61.49,3,0,0,15,0,23.3
